date,mean,std,skew,kurt,asymmetry,leverage,supply
2019-01-15,0.5423947133731876,0.1766007419623784,0.3236714295873859,0.3818507542325153,0.36613242679163654,1.0,0.8847177040216063
2019-01-16,0.5042816482812745,0.17322132980371555,0.35354650664436327,0.37244453017717055,0.31050090815260817,0.9965102224464006,0.8903381198524694
2019-01-17,0.499495191460294,0.17191357258350115,0.3551090429932558,0.3793953217822142,0.2854416443657996,0.9931744170238379,0.8958139288370047
2019-01-18,0.5260569333352848,0.1696710109511357,0.32179157349369164,0.4264603260468657,0.29463509285255157,0.9901871890690394,0.8989875680008743
2019-01-19,0.5142254030879994,0.16880486395885286,0.3333109968367719,0.42244068026445747,0.30567161106496565,0.9866566101489267,0.8986519272595314
2019-01-20,0.535817940327462,0.17255754204507076,0.3204572496480797,0.4101004009635687,0.3230298241089546,0.9823404980598104,0.8983158905947602
2019-01-21,0.45469716749402417,0.15151466754963197,0.27229559653411084,0.4363907107702583,0.3125381944595697,0.9776306120675348,0.8979794577614361
2019-01-22,0.45582294782078503,0.15160908660308903,0.2712026463285484,0.4370612177579201,0.2742987977902493,0.9728447427198307,0.8977777752538749
2019-01-23,0.47287476410579665,0.15479411289420913,0.2635881733472676,0.42970273775585444,0.2677919665274955,0.9680605102000298,0.8977760209139991
2019-01-24,0.4662391256619732,0.15407186506565915,0.2691603585205003,0.42723127247444903,0.2681344669327668,0.9631308044804106,0.8977760209279632
2019-01-25,0.5561913037286009,0.07103889495999458,0.5152251742854965,0.18503809450177158,0.3073200055107671,0.9566680246847378,0.8977760209300631
2019-01-26,0.5526871032199113,0.07086563425503797,0.5225608807179667,0.18740033527273156,0.3333297726925848,0.9508131714052017,0.8977760209385532
2019-01-27,0.5559318802596878,0.0707433536296318,0.5158364729853527,0.1881194305234223,0.37956361269239336,0.9446774932878026,0.89777602095136
2019-01-28,0.5803302293968264,0.05784335347140661,0.5306075569848896,0.2723267102114113,0.3378932878549442,0.9386852411072055,0.8977760209641666
2019-01-29,0.5148922283788675,0.046187021672135856,0.38019142774313097,0.16125191926639018,0.3212294364784433,0.932425860359573,0.8977760209769733
2019-01-30,0.5260955418060458,0.04246636708663312,0.3479675858135674,0.22336963265592702,0.31530750842370214,0.9260664354652073,0.8977760209897798
2019-01-31,0.5298096230061017,0.044438965828697906,0.35680661711837286,0.21084843116792557,0.3489110597603375,0.9197784898978786,0.8977760210015219
2019-02-01,0.5182265188741036,0.043514509385380734,0.38133900541617005,0.20156157025787805,0.33779960876160153,0.9136774267509263,0.8977760210122286
2019-02-02,0.5309550798438532,0.04567173867534116,0.3619957152984766,0.19803314613387357,0.3310702289703839,0.9082547512148679,0.8977760210165453
2019-02-03,0.5235156754712912,0.04060104614483694,0.3247459030132816,0.2170931546135107,0.3624549232686173,0.9025614373632167,0.8977760210326547
2019-02-04,0.5421849699064851,0.02338813919602416,0.3461731098821239,0.2805039092993551,0.354512262117546,0.8969148985110996,0.8977760213377107
2019-02-05,0.5470745357503128,0.023617324941259465,0.3315953926654869,0.28952738733932143,0.37717020408470275,0.8908813333994663,0.897776021875667
2019-02-06,0.537628227533643,0.01972751397136615,0.3156640804540707,0.33389245585688954,0.3729081776654355,0.8883714123616137,0.8977760224465223
2019-02-07,0.5251809238520289,0.025091760628938965,0.35984767836694903,0.21347513543713487,0.37067636690104616,0.8857725578776724,0.8977760230173779
2019-02-08,0.5192060303654057,0.024232735199738696,0.37330898945699925,0.21408261053302258,0.37576284374558055,0.8770057487211511,0.8977760235882336
2019-02-09,0.5844768638412393,0.09802729058729687,0.7975528748632276,0.5788085261854612,0.3915217192293524,0.8737257307935135,0.8977760241590892
2019-02-10,0.5861692380532818,0.0979860964248229,0.7948664575284529,0.5751774258062173,0.423215914228229,0.8708544774604351,0.8977760247154725
2019-02-11,0.5925172956603144,0.09768343395593793,0.7857368574707646,0.5645675516446391,0.4374568285189831,0.8679760108500886,0.8977760250069992
2019-02-12,0.6100728911029184,0.08660479253589194,0.872565672608965,0.6931245252502666,0.43885066757026203,0.8651053362329759,0.8977760250735785
2019-02-13,0.615868669643042,0.08556047660942583,0.87113508832218,0.6967896943820844,0.43784444402831124,0.8620579104855108,0.8977760251072581
2019-02-14,0.5985894334260556,0.08528390918216758,0.903644109313943,0.7676490484777913,0.4153821643630829,0.858845857098332,0.8977760251409381
2019-02-15,0.6006658656621505,0.0847945782067836,0.904655384984592,0.7719682274119284,0.43675187280186684,0.855490191697299,0.8977760251746176
2019-02-16,0.5954222481120723,0.08438697492284448,0.9178809633669546,0.8035319243085203,0.4248869962155375,0.8443201319627696,0.8977760252082977
2019-02-17,0.5903496302191774,0.08355027331769126,0.9341683791849141,0.8473747629201287,0.41703112655337204,0.8331289815667458,0.8977760252403403
2019-02-18,0.6161695815345569,0.0814710386505161,0.9126865812674176,0.7949072295560956,0.4312784037022578,0.8217336032944976,0.8977760254884148
2019-02-19,0.6670915898294538,0.11117060638848722,0.7775542354124033,0.33607631964331636,0.45965345914289735,0.8104731190638889,0.8977760265689663
2019-02-20,0.6692236951176324,0.11092326045933779,0.7755281770170148,0.33410674347347563,0.4989152338024283,0.7994424241558472,0.8977760277215544
2019-02-21,0.7004276966101126,0.10324451757366758,0.7830033284072366,0.3377368455564354,0.5238716124190728,0.7878984886294471,0.8977760288741427
2019-02-22,0.6952949650002193,0.10522633548975052,0.7768256321080749,0.32905781245213644,0.5123069043256357,0.7773285940022316,0.8977760300267307
2019-02-23,0.6386400772254783,0.0571162382782542,0.8508111887374641,0.6404024214521665,0.5351848168409804,0.7679595303170976,0.8974337358258836
2019-02-24,0.6705445436822141,0.06900429540941647,0.7493451295327267,0.34562451675887534,0.5543949829808315,0.7636638404490367,0.8943998815475426
2019-02-25,0.5858184582519101,0.15781338376141307,0.29359253317076933,0.5033957085311618,0.5293992728248808,0.7501407728187189,0.8907571229237733
2019-02-26,0.6171033797982257,0.15862493872362024,0.26125988011606294,0.5389986008317639,0.5445066430772519,0.7371048427503217,0.8870692493505437
2019-02-27,0.6129088909601397,0.15907249736159457,0.26774324306691305,0.5270264950247129,0.5463946466765693,0.7205733602056008,0.8833360741608764
2019-02-28,0.6193148674609137,0.1584055178171642,0.2578802492229333,0.5452134675378963,0.5630815274455774,0.7047273076691207,0.8795574214333223
2019-03-01,0.6233215229760178,0.15789736113522668,0.25140657780883424,0.5581109064603921,0.5677130709748994,0.6891666336910343,0.8757331272387164
2019-03-02,0.6229534541768036,0.15791065727948386,0.25190998672658155,0.5573441246340682,0.5547531597141269,0.6734155309329984,0.872133447287835
2019-03-03,0.6172756143022969,0.1580862017344634,0.2595427554648636,0.5460781646764638,0.5533116599162802,0.6583311053363597,0.8711287976246525
2019-03-04,0.6011722680218061,0.15757189802307378,0.27730075474774774,0.5283133016017244,0.5426030698186199,0.6435154964656562,0.870720469281102
2019-03-05,0.5270049421622702,0.13400479808565727,0.18410410554291684,0.6177789362481917,0.4992468362320363,0.6285785323223934,0.8703116380770322
2019-03-06,0.5552300982134148,0.1453975971577368,0.2234137516094387,0.5309283811063376,0.5353313532858199,0.6136927721322966,0.8699023038199933
2019-03-07,0.541549082906713,0.1430098681353555,0.22937122345619135,0.5364229738212504,0.5434102554369548,0.5990051941370107,0.8694924662997852
2019-03-08,0.5525166419613327,0.14266134734969296,0.2134500958263864,0.5625262455378414,0.5619370291248162,0.584789615761414,0.8690821249844819
2019-03-09,0.5421556787303128,0.1418692994475489,0.2234918782510205,0.5532429735615496,0.5710910577128779,0.570580096017709,0.8687744154390097
2019-03-10,0.5258686672216835,0.1325179923808253,0.17546237888761937,0.6356847813395368,0.585886889182715,0.556746591618173,0.8687569364232692
2019-03-11,0.6016496370719312,0.03724680482700251,0.6153639385029892,0.244605373694479,0.5588411812877404,0.5427312362475962,0.8687569364865185
2019-03-12,0.5699538891024675,0.034037815238201756,0.6666219329354145,0.3450805667949194,0.5433314731821364,0.5311220261302907,0.8687569365217049
2019-03-13,0.5757704092551909,0.03355566858387711,0.6526063602320599,0.34148352822385314,0.546250404325343,0.5197535752734461,0.8687569365569964
2019-03-14,0.5703503770344455,0.03403281104883232,0.6655230978056127,0.344195480253515,0.5594035655712548,0.5084368520723632,0.8687569365862212
2019-03-15,0.5739947119444988,0.03413775422147923,0.6542894199085704,0.33329436745875707,0.5526761305510792,0.49719708915901545,0.8687569366217295
2019-03-16,0.5822198331172808,0.036060013516126525,0.6269664126858905,0.2810977123431418,0.5721708454822318,0.4837495815957786,0.8687569366611483
2019-03-17,0.6009204537306017,0.041603218096708534,0.5822854217554428,0.1873800971352022,0.5864107713086055,0.4707887729698615,0.8687569367152653
2019-03-18,0.598823514261643,0.04219041685726603,0.5849940339291506,0.18257175241185394,0.5787301941960843,0.4575454263670513,0.8687569367656288
2019-03-19,0.6215923744037817,0.028864164259493275,0.6692405471183717,0.21659398979350916,0.5821837114172174,0.4449074971181029,0.868756936798962
2019-03-20,0.5958751259863262,0.006257573491399027,0.5809554753944486,0.13330733982595003,0.5599722643077715,0.4419813854376972,0.8687569368318425
2019-03-21,0.6008418588561064,0.006480870543496104,0.5597314992822564,0.122281408611503,0.5221247815414778,0.4383941516397068,0.8687569368652922
2019-03-22,0.5849361163884375,0.013635016438131253,0.545628633521436,0.0979451951169185,0.503755408113678,0.4296450136145899,0.8687569368964401
2019-03-23,0.5894243447041878,0.013096668931493298,0.5303462236306757,0.10205678237872211,0.49022710067894376,0.42679182593342496,0.8687569369313828
2019-03-24,0.5762479058953377,0.005607104183715599,0.5216746302433062,0.14969232215214914,0.4954071228619732,0.42385186390664065,0.868756936952127
2019-03-25,0.5789473431960785,0.004638185171823189,0.5159648769183297,0.16463954282453278,0.4919960631036351,0.42105210235460594,0.8687569369680189
2019-03-26,0.5785252261619147,0.005013059443369339,0.5125607983396295,0.16423439812075466,0.4446161987775543,0.4183576946617461,0.8687569369839111
2019-03-27,0.5789188141378117,0.005035498718722345,0.5108467379148328,0.1637123554527501,0.4639875725723442,0.41576561463963324,0.8687569370001071
2019-03-28,0.6033284536945935,0.014488746134623712,0.5217298675124128,0.13670313675191934,0.4758322556331418,0.41311203645760497,0.8786191186321243
2019-03-29,0.5976564001169641,0.015269383704154812,0.5401540029128773,0.12832338290303605,0.4851309053717321,0.41058195681742793,0.8983533333498239
2019-03-30,0.6025681520555378,0.018082934420293458,0.5387772082622998,0.10443758990547533,0.5169618800715645,0.40346782609260345,0.9168112684027772
2019-03-31,0.5845238230916191,0.010672376720740707,0.5606498085484757,0.1706696712406701,0.5096778303804864,0.39635103538529454,0.9340295600551386
2019-04-01,0.5893838520351794,0.009341082488047436,0.5497212839868394,0.18861025925285485,0.5156344638244388,0.38903844450819813,0.9500516144529911
2019-04-02,0.596686068958476,0.010726231288921716,0.5234697626187924,0.159678648392829,0.5260386849045547,0.3816269286547162,0.9626859145995027
2019-04-03,0.7300504166218418,0.21909233502571593,0.9984884908997985,0.9846486447176014,0.563544618354192,0.37788726067438827,0.9640747961349929
2019-04-04,0.7373119653912904,0.21878581042796788,0.9931689722065868,0.9718640921547249,0.5764369558250503,0.3682506129987498,0.9570084445872111
2019-04-05,0.7426999153567257,0.21694584015488338,1.0,0.9876187017621518,0.5600002080074113,0.3587282112393912,0.9415186618660839
2019-04-06,0.7590496848071091,0.2161386985239022,0.9887938888590319,0.9605150819427613,0.5601113898229942,0.34925626711541297,0.9248543856674696
2019-04-07,0.7622077895308117,0.21573477000700214,0.9880408316348589,0.9593316290749571,0.5661238391407728,0.34607225933244407,0.9069696127679597
2019-04-08,0.7867661346913524,0.21359224693945686,0.9768336551709946,0.9339400905452516,0.5730321373824341,0.34009430728853607,0.8878244120884083
2019-04-09,0.8122045485450976,0.20719266836388942,0.9927734895929804,0.9729517055500668,0.57065226947696,0.33384101798302573,0.8707447871271179
2019-04-10,0.7957376792814296,0.21303064612176942,0.9703082277773436,0.922206142579684,0.5641996020006509,0.33000977923245195,0.8687569373977984
2019-04-11,0.7992174612745504,0.21331703503256752,0.9654645276845715,0.9095051275437683,0.5953736249824092,0.3256628552637413,0.8687569373977984
2019-04-12,0.7535040257614877,0.23997121810734814,0.8403419981872714,0.7016858631650487,0.5783645933707023,0.3211860876667515,0.8687569375115854
2019-04-13,0.7441945577301703,0.24030085157198883,0.8475009178093892,0.7125402694620269,0.5875957584267065,0.31680245294159426,0.8687569381630466
2019-04-14,0.7447736913768465,0.24020252530737327,0.8473749776574174,0.7127425396262834,0.5810131719478439,0.3125638881201649,0.86875693888328
2019-04-15,0.7582471857969629,0.238903200634485,0.8402359313648871,0.7064047876882359,0.5780626063630935,0.3084910157606522,0.8687569396040586
2019-04-16,0.7326022564441105,0.2448284325376442,0.8380847491224797,0.6817672537590767,0.5593890460985103,0.3044150254937541,0.8687569403400652
2019-04-17,0.6204452428711996,0.09177051772922673,0.3002607604444681,0.2882814221694572,0.5640267812078053,0.3003932306257359,0.868756941083148
2019-04-18,0.6123827250956233,0.09063409040942816,0.3090365927248549,0.28627927285719973,0.575954381464554,0.2964024583451484,0.8687569418262308
2019-04-19,0.6297060508843545,0.08908368863311035,0.27357679957485426,0.3390743706314011,0.5993541783037502,0.2935805954788977,0.868756157566402
2019-04-20,0.6113123642203531,0.08650313491962759,0.2907802620635361,0.3323686621830151,0.5964246670252619,0.29061260284617085,0.8685025245265562
2019-04-21,0.6094945661518308,0.0863570158370858,0.293452295375613,0.33061007339765497,0.6191895556031045,0.28759706358781845,0.8680497948084472
2019-04-22,0.5829979529269593,0.08179870725012128,0.3104814451940772,0.3317028497816257,0.6155704513652347,0.284563832721256,0.8675964554707215
2019-04-23,0.5848089832797554,0.08246348206084625,0.3114040636732899,0.32701973539194673,0.6545695877306298,0.27977322075724903,0.8671425063145327
2019-04-24,0.6235036144185518,0.08484211730850612,0.27601871273514217,0.3807212917499044,0.6778452687831197,0.27535350902959543,0.8666879471679162
2019-04-25,0.5858171691959367,0.08250554580349356,0.3117273235586286,0.3291665322202454,0.6728718465882252,0.2709056714694671,0.8662327778604413
2019-04-26,0.6009560062454726,0.061960519664891855,0.4123047111316797,0.17300297729660957,0.6594835943697199,0.2666308805037343,0.8648249422075088
2019-04-27,0.6081663635280465,0.06360439239631821,0.4032911794549759,0.1650789490958272,0.6347838234493521,0.2637346938847115,0.8611483428850336
2019-04-28,0.6039063268190503,0.06423315085927035,0.41349708264445484,0.15432353842224836,0.627504383383946,0.2606523395814047,0.8575043353275811
2019-04-29,0.5933387010988914,0.06231136984232152,0.42957499378616404,0.1622002876814542,0.5807625388809036,0.25791811882863336,0.853015061491654
2019-04-30,0.5977889449922329,0.059706079145313715,0.4264613805143926,0.1829019840878995,0.5529367128649392,0.2550034856952778,0.8325501741938939
2019-05-01,0.5838059937455704,0.050219205565445395,0.378348874635791,0.2178352643258865,0.5751186549031194,0.2521316542067755,0.8045422291015121
2019-05-02,0.5894064938071507,0.051498685997501494,0.3717003985604273,0.21106941904090037,0.5652429114142695,0.24994225732158595,0.7747328566821816
2019-05-03,0.59838140012229,0.05545109757326496,0.37909566827038343,0.1877016495697462,0.5527014511284433,0.24749235438919145,0.744422674969301
2019-05-04,0.6422640136558949,0.08088695839913138,0.4885833117503559,0.19029606557916365,0.5832356700631218,0.24514464010777517,0.7159486549527277
2019-05-05,0.6472935511939332,0.08118065496602866,0.4791012799403681,0.18847105280577098,0.6335823674932567,0.24294827309903935,0.6864693481327059
2019-05-06,0.6445362677960667,0.08217530410988864,0.48252252547795715,0.17979773109011493,0.5638504765804272,0.24081836944521126,0.6570416848037308
2019-05-07,0.6253679500186482,0.08208070484679865,0.5161484997964091,0.1797990714630314,0.5227636404229633,0.23874836597922494,0.6484187035520408
2019-05-08,0.6164099642055866,0.07785891030300253,0.5212822551435097,0.2123459276660717,0.5009198462777654,0.2368866481954086,0.6462577113946354
2019-05-09,0.650364677055097,0.0760092925688334,0.47462349350419664,0.22892934849848665,0.5496711205403882,0.23513150121209997,0.6434653060005157
2019-05-10,0.7149162201581719,0.05579937465557832,0.576201377918091,0.14925408772614662,0.5972699106153436,0.2334428628943544,0.6406612325296321
2019-05-11,0.724804901744023,0.058280213304692456,0.5547038825168377,0.12055636841469065,0.6067589690377783,0.2318546189369691,0.6378497238295595
2019-05-12,0.8270464937503277,0.14405427186826017,0.7948380497344442,0.5092921172184344,0.7034249216344494,0.23012777580840335,0.6350308616800268
2019-05-13,0.8107815298736416,0.1517565916941973,0.7674995229181217,0.45864193233415657,0.6902958200769163,0.2284622820587825,0.6322071601892023
2019-05-14,0.9217390474512224,0.19401474845214173,0.7143746850758468,0.24046405390380826,0.7482249241679877,0.22710332242943107,0.629749817032952
2019-05-15,0.9278674488915472,0.19309415297203972,0.7106779793687905,0.23894499684244777,0.7279161904338297,0.22229827688071738,0.6291102635053589
2019-05-16,0.9462306839961883,0.19098134685369678,0.6975009994770621,0.23104257276939746,0.7729086305506391,0.22369967964494405,0.6291044176118133
2019-05-17,0.8962616706507478,0.21597149150881773,0.6470935416535957,0.19427197271007998,0.734455581084313,0.22517944766681314,0.6289176321528005
2019-05-18,0.7920820399909199,0.25699105610479883,0.587727641120406,0.19391175266569527,0.7041818387821107,0.2264265001420635,0.6286057185065294
2019-05-19,0.7715003286514623,0.26111953083248857,0.5988228626120483,0.1856461803694263,0.7035155698696858,0.22758483098486212,0.6282937193145298
2019-05-20,0.8824112382560744,0.2997463912605962,0.5656550232473435,0.11197801852245681,0.7486887054929543,0.22881003987050832,0.6279816347447648
2019-05-21,0.8654846276177282,0.3064235621676531,0.5677952456527444,0.10199001826416589,0.744898135437692,0.23009757979243306,0.6276694649268034
2019-05-22,0.8485193636861461,0.30907716780248484,0.5775220269082558,0.099673043519083,0.7627511130305328,0.23180813250475177,0.6137109111805729
2019-05-23,0.8002194007325825,0.32099933097162225,0.5941711363151136,0.09002672242639223,0.6633805554941015,0.2335176738423535,0.5790085004860815
2019-05-24,0.7926100242551278,0.3201030862445246,0.5999515078405834,0.09478469002371956,0.6935894093155738,0.23523164990186582,0.5433469223164468
2019-05-25,0.7820725630257387,0.3198941681659036,0.6075428168199272,0.09915030792808585,0.7462850458735338,0.2369890342037178,0.5070832228954234
2019-05-26,0.691353790440221,0.2773222815839464,0.647335725447597,0.19433391930699478,0.7525578687217137,0.23877688484038131,0.4704120002643443
2019-05-27,0.7686482925345022,0.28937598705485224,0.594131873987577,0.12741457283595356,0.7969171585887499,0.2404460112267148,0.4335368885304326
2019-05-28,0.6873960612344249,0.24205617217447425,0.6049925459724499,0.21599941873804887,0.8267573481246124,0.24200856490580377,0.3966660993317757
2019-05-29,0.6657153818564083,0.24184680311171397,0.6241158185619216,0.22804211399997365,0.8087436205773132,0.24343125639665872,0.3679541871438184
2019-05-30,0.628823905620582,0.23963154272246195,0.6574779803740619,0.26217787423115096,0.823011058379504,0.2448581375574579,0.33440667683245195
2019-05-31,0.6209986506704934,0.24386504013403767,0.6509397074980713,0.25101362945298855,0.7774426285629921,0.24614484390730948,0.29896508102989305
2019-06-01,0.7128169131504501,0.2152846082526656,0.6846304717061943,0.2649874144668813,0.7956045498976122,0.24776907422914196,0.2643724263346231
2019-06-02,0.7207447184888136,0.21323027939419553,0.6827760846077892,0.269424781086896,0.7271365847364448,0.24977991578559253,0.23065781599500998
2019-06-03,0.6357220286978909,0.13453155335098657,0.5635509785244877,0.18798434543226383,0.7180469578077464,0.2548047921770866,0.19796618616924325
2019-06-04,0.599379212252578,0.16548982555745512,0.4793379867090972,0.179118449709401,0.6398789772427782,0.2596897795908409,0.16642295633390422
2019-06-05,0.5522447209139683,0.18689379440452228,0.4896832745938593,0.11740640574198188,0.6406861737138777,0.2640134336326813,0.15823768165886068
2019-06-06,0.5895600364152719,0.1805917990339609,0.4545736430395262,0.1479696160380485,0.5995000475928329,0.2684428516811767,0.19968866495102072
2019-06-07,0.5682276498407217,0.1761594908154632,0.47196368865317384,0.16332452044532242,0.6058131704977313,0.272677324025307,0.246007516950383
2019-06-08,0.5784975590109219,0.17918721269498825,0.4652411609129433,0.15169163669980537,0.6076345170647091,0.2768139037977316,0.2942163487312029
2019-06-09,0.5617751579777068,0.17940724634302047,0.4837928054300482,0.14780858238875397,0.5089473520395682,0.28092650030538324,0.343880991674074
2019-06-10,0.4698155229981449,0.14333850035624493,0.41709529998505773,0.08529189907611581,0.36927296341329047,0.28496074811893374,0.3945085112693346
2019-06-11,0.4902893614842463,0.15685410339492425,0.44582499602849,0.08108692715137118,0.35381844231592136,0.28940334260353456,0.4455656529755563
2019-06-12,0.4805388365313355,0.1571052666814792,0.45805674103722765,0.07683042662230624,0.3430945102884262,0.29379070793673673,0.4765852199866367
2019-06-13,0.5127329545321219,0.1648116042301447,0.4364729593806047,0.06565927502365332,0.334984419196463,0.2983443471417311,0.4769138404778294
2019-06-14,0.5609813958325826,0.15275313819872668,0.38848697073711497,0.12432569694491168,0.3959460273601117,0.3029004863914916,0.47691384152848754
2019-06-15,0.5733690659492151,0.1615439441742339,0.4129163606819619,0.11982211855675279,0.43377695089451734,0.3074841222154338,0.4769138418704598
2019-06-16,0.5913380732927664,0.16330401548965653,0.394838804441883,0.12299355968705124,0.5512514298779044,0.31207488358649693,0.4769138419110993
2019-06-17,0.5873509549929224,0.16224571769616083,0.3969392808218457,0.12495096296757396,0.5777246474964617,0.3164757291363489,0.4769138419110993
2019-06-18,0.677807442256406,0.13094050816223435,0.3865081684705344,0.1622786536232242,0.6418493560695451,0.3208359192912173,0.47691384191200026
2019-06-19,0.7033778827911001,0.10404444735051312,0.46312813214753645,0.07842190997081729,0.5146180464311992,0.3250452932997641,0.47691384191879876
2019-06-20,0.711660499213072,0.10468460465561834,0.4503800621299312,0.078310915185223,0.5804276252617853,0.32934804670158746,0.4769138419266621
2019-06-21,0.7335592952551444,0.1058018400401474,0.4190892323602814,0.0856989970391485,0.6337653881867806,0.3336063495888779,0.47691384193488023
2019-06-22,0.7625105617774145,0.12245606025647174,0.45156501635507956,0.07721712452501735,0.7683426112206976,0.33777698747925766,0.47691384194506187
2019-06-23,0.8195291515505151,0.12707146746062256,0.4142804459797782,0.09963047497956505,0.7396310482609859,0.3407651955685011,0.47691384195554387
2019-06-24,0.86117041161417,0.09983835758274277,0.42248450426522116,0.140377884275502,0.7355011524861801,0.3432955364145023,0.4769138419660257
2019-06-25,0.8338495958596551,0.09705564307615488,0.4575391745831265,0.1416997009581949,0.7544867587537013,0.3454038378711693,0.4769138419756068
2019-06-26,0.9051227278491585,0.10074253774022646,0.4616944257173265,0.17061626916789216,0.7842050419403698,0.34706378250315123,0.47691384197938674
2019-06-27,0.968680571972117,0.14310593756836051,0.5594465231002659,0.18187638987616145,0.7958731337920274,0.34792625937983873,0.4769138419839525
2019-06-28,0.8302890780334852,0.3102381442305779,0.20794622243946845,0.550220902540665,0.8173036909294089,0.348566644810708,0.4769138419888677
2019-06-29,0.8674283778653744,0.3270878230079546,0.23930062532333288,0.4854830756698299,0.8455150534790911,0.34952604818519106,0.476913841991819
2019-06-30,0.82109783678527,0.3403904334224262,0.2845571139194962,0.37530707927672435,0.8387313888149748,0.3502857570344211,0.4769138419944702
2019-07-01,0.7206242387422624,0.38959433268026233,0.34439816023982894,0.19716026205983764,0.7451750580040041,0.3508963897609645,0.47691384199712167
2019-07-02,0.6693294113929992,0.39060264818045226,0.3740430154103657,0.1717158952295719,0.7105297706724115,0.35151755124033,0.477019243249416
2019-07-03,0.70740804974423,0.38608809050944976,0.3487923552054912,0.20102675725631106,0.6972881321806105,0.35266229392644927,0.47835416830783967
2019-07-04,0.7740200890499097,0.40878674421879674,0.35232189457024954,0.18002246071651282,0.7939244151425643,0.3541215468236681,0.48003994224344176
2019-07-05,0.6919089488395324,0.42897762019848495,0.3985638372881549,0.11242015377469694,0.7761228946477478,0.355306931992942,0.4817251726077273
2019-07-06,0.6240212088383355,0.4226465203586831,0.4278747676847106,0.10647872622281804,0.7690034284961804,0.35645608692975034,0.4834098395591299
2019-07-07,0.5951590121550867,0.4150994639776538,0.43654424105736955,0.11465999274318571,0.8092756242901336,0.35767002873848247,0.4850939232820906
2019-07-08,0.5929731059846316,0.4149113695801764,0.43766830141311325,0.11464375378662219,0.808471214618728,0.35903418049464125,0.4867774039893665
2019-07-09,0.6453401960065767,0.42942713716815006,0.4245107272466181,0.10077946260959877,0.9028240225669327,0.36067904994097993,0.48835511376600454
2019-07-10,0.6064753214798568,0.41774470590129087,0.4332154613718778,0.11255399178982334,0.9342425258949296,0.36225473893034826,0.49484493735382346
2019-07-11,0.49022566961766256,0.3862273676784558,0.45038230015657665,0.12978465601625294,0.913900621657641,0.36354809616393613,0.5418687921696779
2019-07-12,0.562700560840735,0.32134724641651646,0.5332487125777691,0.08176752833147631,0.8817521247104881,0.3650925566387099,0.5956310054414263
2019-07-13,0.5135566955651449,0.28930148919642434,0.519276943363712,0.10528027588898586,0.8684937172696434,0.3664854093811119,0.6474219274832216
2019-07-14,0.5153160653226088,0.28875713136100917,0.5184412598814715,0.10651728997777657,0.7564016611271716,0.3675543941659003,0.6967114297700738
2019-07-15,0.5046791094619136,0.29956670352316195,0.4972338585802064,0.12142744325920429,0.6030661175496429,0.36561947894697344,0.7430858863839706
2019-07-16,0.5812999434433869,0.31775207305220254,0.4670410091355441,0.09508123941983389,0.560659828779913,0.36396406280480004,0.7862495988069274
2019-07-17,0.44728343453596253,0.38264528265603653,0.45888832684376796,0.08386675887285712,0.47073367959967644,0.3621693163707882,0.8218836876061686
2019-07-18,0.38047170647294554,0.34296692297395776,0.4276265930217329,0.09648818297674959,0.4415549140050856,0.36053324193381997,0.8274941210770106
2019-07-19,0.519536674647329,0.37011061751397367,0.4140032846696628,0.11688026447193717,0.5184085246806234,0.35979370806415145,0.8279817215731955
2019-07-20,0.5245272019319189,0.36960486929350306,0.4106710009277508,0.1195571230719876,0.46881365304187617,0.3592842025288182,0.8289639719375714
2019-07-21,0.5254240885462459,0.3697987232401989,0.41032791406625907,0.11938013313554321,0.43492454755186427,0.35884149998466225,0.830145380789416
2019-07-22,0.5013845342419894,0.3691917729983684,0.4247417832718907,0.11418457560944467,0.32894077110658404,0.35835497802874217,0.8314095531029416
2019-07-23,0.4167125507530971,0.3459658125369835,0.4425243866735117,0.13413769184151114,0.261256289440389,0.3577168545568577,0.8326698019579036
2019-07-24,0.3586257011104454,0.3435466487195441,0.4762656185766872,0.13122907230156197,0.22310376749487898,0.3571005828074211,0.8339261271310251
2019-07-25,0.379208693714892,0.34263246368604167,0.4625650861580088,0.13611451679799247,0.16844520758029372,0.35628272300169783,0.8351754418044405
2019-07-26,0.4455528186582729,0.3337892106699316,0.42237996753840107,0.17224375624179217,0.0803462354967492,0.35553968954277876,0.8359505457512809
2019-07-27,0.4094637164530692,0.3249003136006517,0.4359000092435088,0.18922158520029458,0.07979066322892611,0.35479641343015256,0.8362764440120776
2019-07-28,0.4044295513727798,0.32598601424395535,0.43940907317486555,0.18448623221057153,0.08419116317940091,0.3541363258612908,0.8367906494174148
2019-07-29,0.5052286889553799,0.2819805120176267,0.41311803925402196,0.3122093530259257,0.048425568150835464,0.3538340146897787,0.8370668823119316
2019-07-30,0.4454925945571037,0.25618911755753654,0.3997211048281175,0.40971337053302553,0.057808311579764675,0.35383688475253977,0.8348745511556442
2019-07-31,0.5694254787356319,0.15402973647000343,0.7388405306842236,0.43976280315613325,0.11475064863066697,0.3538309730210904,0.8295554971509986
2019-08-01,0.5956677445587847,0.16826357591071883,0.6992485872863511,0.3038705720571591,0.22485829173385785,0.3538283617749221,0.8241842664578751
2019-08-02,0.5387055175149775,0.10528103610485061,0.5445003235972107,0.13859093727096936,0.24121577213854817,0.35381885773133215,0.8187436050475487
2019-08-03,0.5624950939166025,0.10629493026540725,0.5091133503070335,0.12785754004666192,0.25970376347553376,0.35382292244604985,0.813188747538539
2019-08-04,0.5653032302959419,0.10781661938982998,0.5090345156564442,0.1217577639738938,0.3867868015536585,0.35523673268256484,0.8071488979004562
2019-08-05,0.5889339396189598,0.1065803518791964,0.47435352918912477,0.13123976514859162,0.36798215595121914,0.3570663529059,0.8011953906180436
2019-08-06,0.6803804343761911,0.14501834556337379,0.5667111817344057,0.20645385354960724,0.45223803484776837,0.35907199679225904,0.7979513125992368
2019-08-07,0.6934521132883819,0.1342420978218006,0.6046122967274922,0.22183191945551067,0.34493427578532593,0.36113366643184536,0.7982762779901669
2019-08-08,0.7384025819767414,0.13766744431230934,0.5555050235774922,0.17899689192949494,0.3024647978316908,0.3637918825276733,0.7985939718129481
2019-08-09,0.7334145940176984,0.13823041887652898,0.5615551978705842,0.17727903516462848,0.261011474345471,0.3664646931310212,0.7989145662086677
2019-08-10,0.7290612401446179,0.13990463987714527,0.562933280654535,0.17009863377763135,0.3160581796182842,0.368951338341841,0.7994694430069176
2019-08-11,0.7218116038675282,0.14715328461837915,0.5342083003167312,0.17918959852119645,0.2760581869789192,0.37125020787303337,0.8008074629847992
2019-08-12,0.7378502153076614,0.14715308508235958,0.5137910600425708,0.17698229549166464,0.29149387119052955,0.37349598794979144,0.802369661781005
2019-08-13,0.7276787924162261,0.1509176428534482,0.5198624944577998,0.15904066011889126,0.34237807387854974,0.3755646480830182,0.8038846207643211
2019-08-14,0.6839512281529119,0.17300941716851498,0.5123696066450755,0.11180367478286887,0.3426337732699726,0.3770234327632816,0.8055131243180894
2019-08-15,0.5648599609434239,0.21254590943378399,0.46295008653890846,0.15765171692933674,0.21362190262693617,0.3780889202391709,0.8073593838867199
2019-08-16,0.5602432151318696,0.2110016657329034,0.46507466069318376,0.1627422467342089,0.3126487995140901,0.3794787828397296,0.8091970113568226
2019-08-17,0.5519873349386278,0.20986194592046933,0.47229882665013645,0.16636531538306,0.27986406221572235,0.3809597691314522,0.8107985942167735
2019-08-18,0.5187554485951924,0.20546547507138796,0.5004620523277301,0.18246110414242994,0.2128470447291406,0.38236765770177095,0.8116301276564111
2019-08-19,0.5159257885986706,0.20491354687788713,0.5029548298091789,0.185068591538158,0.23319982894488,0.38373864543406344,0.8122473624453364
2019-08-20,0.4953724222809246,0.18377628674294422,0.4359041975756034,0.15475330785482053,0.27937924978718215,0.3849485667609984,0.8130312278719428
2019-08-21,0.5058428713983792,0.18116192523853272,0.4244192869801443,0.17141189504915336,0.288924423265359,0.386256445035894,0.8137444392191153
2019-08-22,0.41617968284630313,0.18199085453175828,0.4580937418873925,0.1380857833604895,0.2776196431562793,0.38809788831614006,0.8142872008022541
2019-08-23,0.4084228964148558,0.18048676599842936,0.4648257379571773,0.14297925626119887,0.33665442774785714,0.39001006769415303,0.8148274847367458
2019-08-24,0.44156953777524216,0.19038122561583484,0.44854426470232356,0.11717315580051278,0.35047098366796536,0.3920975728959474,0.815379355791765
2019-08-25,0.46040126973867257,0.18289312814619477,0.43398974313757066,0.1495254041745104,0.40494029333305065,0.394187577665831,0.8161105774989519
2019-08-26,0.43653390348044446,0.17624509119517334,0.4470898164566597,0.16991139429044438,0.33348864049321425,0.4000786934038741,0.8168918087565351
2019-08-27,0.46710940223438,0.18233502453735415,0.42522124347202006,0.15454237973479762,0.3660573807523747,0.4064249452081678,0.8178755707501653
2019-08-28,0.4895189069736937,0.17396686000924685,0.4035576981207594,0.20275425860006224,0.32764902357642955,0.4130389338422552,0.8190079773428096
2019-08-29,0.5259971022290604,0.13661839920676644,0.5007119588135246,0.1471412284434112,0.3354528532107864,0.41944285229574774,0.8200811374187239
2019-08-30,0.4848147729900786,0.13375692071078982,0.5454684578243595,0.16645286513735333,0.25288571652263814,0.4249788000167355,0.8211516226364984
2019-08-31,0.4870958356071938,0.13429718956048808,0.5425466353845684,0.16253642230539522,0.21993854987164688,0.4302461811257674,0.8222073808726037
2019-09-01,0.4976087972918231,0.13436826575899355,0.5280065365217793,0.15969329831974272,0.14450317834027837,0.4330619459454099,0.8230834510991374
2019-09-02,0.5019170530894267,0.1357001819650376,0.5235317274567456,0.15169355196265102,0.15209544052398027,0.434939868760568,0.8238973725407747
2019-09-03,0.507105977094388,0.14174183981967173,0.546771112773947,0.17377587412531045,0.21635497462701825,0.437451715691449,0.82430641733575
2019-09-04,0.5441273208882232,0.14719040437226638,0.5072578161976556,0.14178360865379905,0.20492993807674476,0.4400953025415542,0.8243110910740716
2019-09-05,0.5930815145888237,0.11701974576706105,0.5653893293440471,0.17212838990728338,0.1602447358187122,0.4426144301112543,0.824311090931708
2019-09-06,0.5969449216025399,0.11668859587768123,0.5599382066987053,0.17270448326408855,0.19411274620491578,0.44517929557139996,0.8243912785033181
2019-09-07,0.552643156111792,0.11512331135014542,0.6090207842594356,0.2096898762678759,0.16545075351680372,0.44687703450626276,0.8246300763985885
2019-09-08,0.5886475441914749,0.11086708998357798,0.5737989953998144,0.21222244931173856,0.2283330005447612,0.44960623753225776,0.8248729549671021
2019-09-09,0.5871785335453096,0.11109716141222627,0.5756493439945233,0.2111785075625909,0.20384919243581975,0.454350677376381,0.8251156930552311
2019-09-10,0.5628199931267515,0.10758995861835499,0.6138886471122578,0.2580527132000315,0.21685886434580906,0.4553111086881233,0.825369918699495
2019-09-11,0.5630517980241778,0.10749629568144856,0.6139140738606977,0.2586208413229083,0.16622453855486324,0.4563033903423976,0.8257909823121745
2019-09-12,0.6067251554421198,0.08568794215593853,0.6965001445888901,0.3300115124719601,0.19411261748713737,0.45732367510509875,0.8239936243614571
2019-09-13,0.647984572804948,0.07915919898253211,0.6836801688440896,0.3150743466774863,0.3370202250258937,0.45838731094206314,0.8193041577179198
2019-09-14,0.6353614902894908,0.08111513085569615,0.6972719938328271,0.31378447861267644,0.38448292890564983,0.45949186660488867,0.8143923826615056
2019-09-15,0.6343488369458777,0.081268258084135,0.698431957969128,0.31374768404427417,0.40243065278913887,0.4606000535630757,0.8094210204476106
2019-09-16,0.6193935873687804,0.08119830194952883,0.7261783998899898,0.34581335571094773,0.4189275150169235,0.46180099340712233,0.8043944338868546
2019-09-17,0.5611285035523387,0.03247758985906593,0.5833588404907682,0.13951073863912813,0.43278309172833285,0.4630495922858642,0.7993008174424632
2019-09-18,0.5333951863123502,0.018091374998303034,0.5826674584710191,0.20971676556348293,0.406793052866177,0.4626374273065042,0.7941565313449578
2019-09-19,0.5348279352814218,0.018018664172164595,0.5777805215197743,0.20906029050054267,0.3555560501866046,0.4620184276112865,0.7921667361352387
2019-09-20,0.5422490917705091,0.02043517099401078,0.556173905570191,0.16500812750440733,0.39561890130542376,0.4608665707484005,0.7939987615786103
2019-09-21,0.5558538756407884,0.011178499550646826,0.6286350482818607,0.19598384236066976,0.4487042685326509,0.4593659610463913,0.7958738348371702
2019-09-22,0.5271969298232527,0.009723290593445717,0.650128787665895,0.2855456547483284,0.3857512474864859,0.4580480252143581,0.7977416607488365
2019-09-23,0.5373944776994984,0.01090625022846778,0.6087850271307703,0.2332187973776725,0.35994534056786914,0.456803347645043,0.7996022302558555
2019-09-24,0.5134743590428106,0.029685493823366663,0.4601120644103973,0.22663405963494487,0.29476680728436205,0.4548359198296093,0.8014579585670966
2019-09-25,0.41764105525783335,0.17153767651299273,0.0693145899725482,0.8308410664742943,0.2574823393179858,0.4560884197180722,0.8039292977087964
2019-09-26,0.4052535511927374,0.1694856827624588,0.07049460635766587,0.8332149408923518,0.2692897854601896,0.45769183050261236,0.8064288558143082
2019-09-27,0.34689547391351977,0.16524534560781112,0.09235874618551809,0.7453220233829727,0.2618093340904291,0.4579211500471679,0.8079451387698898
2019-09-28,0.36468942697825596,0.17097887596306624,0.11032980782313301,0.7049857003783369,0.274778046958113,0.4581140993408138,0.8093454940834653
2019-09-29,0.36851145680807446,0.17203166068103692,0.11248570952858916,0.6988776040439751,0.29520211267116697,0.45857044117603124,0.8107415306412904
2019-09-30,0.3555178464978721,0.17084972742440444,0.12099687881465694,0.6858507937911773,0.24688193391880303,0.4589771051661475,0.8121332457163979
2019-10-01,0.38312817308631014,0.1822545244273741,0.16328663709547564,0.6060745241177744,0.26547279028742227,0.45951173662682676,0.8135178513445583
2019-10-02,0.38800792118956356,0.18312451130341617,0.16218147086104956,0.6048742821336738,0.2514192594357494,0.4601878634599923,0.8141142361857784
2019-10-03,0.3983275728832001,0.18573836391910306,0.1644932204844703,0.5937149241276842,0.20675076176715615,0.46049760646669496,0.8139108262891724
2019-10-04,0.3753767947642955,0.18221193642544437,0.1719904494381174,0.5917740149981461,0.18575176222464324,0.46060056895059304,0.8141121259984783
2019-10-05,0.37280685041165224,0.181949239323586,0.17366427062020817,0.5901118571945712,0.20313891693573258,0.4606543734684915,0.8144674434215666
2019-10-06,0.38633373022929834,0.18306054891462456,0.16382408330349307,0.6024446475389471,0.1940731916719459,0.46126377020840015,0.8148224751032441
2019-10-07,0.35155137782358586,0.18231226696802086,0.19564620036003466,0.5465015945254293,0.16136292546353878,0.4600408596807075,0.8151772210059955
2019-10-08,0.4178521086698413,0.20026139459483938,0.2297311628071303,0.4983105325219099,0.1783128951752357,0.45828340173094373,0.815538047850663
2019-10-09,0.5290392239679579,0.08738078757610408,0.5211703225538049,0.15967437201893506,0.2051556238646594,0.4565333793776514,0.8160639779497647
2019-10-10,0.5782284038751334,0.10996045661440913,0.5286540275086683,0.11778175679074207,0.2429028561390416,0.45567898770726184,0.816804561270517
2019-10-11,0.6157179474669972,0.08817258066202548,0.5770678541980289,0.13755943426265377,0.2654577100245585,0.4547389109104288,0.8176384615236775
2019-10-12,0.572110763061402,0.10233638096546989,0.5754380998700142,0.12419382848424797,0.21853763981625005,0.45380965016903585,0.8184204819594709
2019-10-13,0.574256328118513,0.10253870320795949,0.5716736702198558,0.121561253367368,0.2068909182307091,0.45574274896279043,0.8192010925797919
2019-10-14,0.5881757828146337,0.09890170093136931,0.5587724589452435,0.1357840846071639,0.19608446076598737,0.4588655604439026,0.8200150856078771
2019-10-15,0.571805526064947,0.09265983911679944,0.5795955337980685,0.1834411812806399,0.19587192286167437,0.46105847488354124,0.8214738834577864
2019-10-16,0.5518742414624568,0.09780522442510742,0.5951747316440089,0.16254340606322384,0.160367073341725,0.4629583598464359,0.8230111774277117
2019-10-17,0.5265552984001268,0.09973822560610501,0.6283322998136925,0.17341333022645283,0.1448012628484284,0.4650306403287483,0.8243126656706248
2019-10-18,0.5499178786537634,0.09881431409785728,0.5946572589872963,0.157674917463287,0.15920636890395062,0.46690021583609037,0.8250641914780322
2019-10-19,0.5445215905419063,0.10027091584610265,0.5988986879957784,0.1520350389685605,0.15609589528204984,0.46954294525946755,0.8256433735808516
2019-10-20,0.5457546298796154,0.1002832811188626,0.5967743504837222,0.15092413450802192,0.15449697058962666,0.47096087958879307,0.8262217539989891
2019-10-21,0.6040284540352954,0.09769204593380089,0.5680623458836642,0.11460303719437502,0.20627074362656955,0.46979331200326524,0.8267650776278068
2019-10-22,0.5655698128084681,0.08032051331839643,0.593193174810526,0.1989936618163177,0.24846223514369586,0.4723121952001509,0.8266957590299648
2019-10-23,0.5482809565675838,0.08489332720840213,0.606413268823167,0.17822320183561519,0.2041349782511561,0.47457585010147085,0.827041874051614
2019-10-24,0.4423797901145824,0.10401173918612243,0.34806993425090643,0.30574863295879995,0.205677368272061,0.47614221769670934,0.8282591892127461
2019-10-25,0.43851889221700713,0.10344446294389557,0.3523775907042298,0.3069284160101075,0.2717565679104579,0.47783870957389013,0.8299754590900198
2019-10-26,0.6061075291977439,0.2604920656072691,0.8239909339500276,0.6592941917622025,0.3739946354024182,0.48118823447382486,0.831857143207543
2019-10-27,0.657082703179462,0.27707705546342976,0.7583292296976102,0.4695286749832237,0.4190086998802217,0.4888367997272199,0.8338400288526826
2019-10-28,0.6878835435338613,0.2792248416386754,0.7305301784191296,0.4244170173962586,0.4464525711063974,0.49671267972905486,0.8357718145552624
2019-10-29,0.651487984717014,0.2872809764989228,0.7363188466778608,0.4084050742790815,0.415569802943057,0.5050922536186585,0.822276025893379
2019-10-30,0.6902623302395509,0.2836043062079388,0.7160562565622111,0.3963133448056312,0.4463571062187208,0.5125106152293314,0.7969546962594137
2019-10-31,0.6841087293588397,0.2857433631963595,0.7148540293179848,0.3892257322971599,0.3634272519542718,0.5222995126227812,0.7693622699480969
2019-11-01,0.6747790798247622,0.28625011061703654,0.7210645294352747,0.3940710715001979,0.3254637105396282,0.5305207820045603,0.7402022753810916
2019-11-02,0.6970371153439379,0.28311941691845144,0.7110718541352148,0.39430112877230156,0.3541855484684355,0.5390485296857949,0.7096972018878649
2019-11-03,0.7032548858374461,0.28260177225729677,0.707253878199963,0.39239677655745386,0.42987657911896476,0.5477469054938705,0.6777259374327295
2019-11-04,0.6666099675106592,0.28205042957133664,0.7355454969155559,0.4281331500468772,0.37726405186616263,0.5584790859167674,0.644586361790136
2019-11-05,0.6870158229507138,0.2821828017444766,0.7194897320521922,0.40878758237859036,0.43935313523303465,0.5699905760409931,0.6225671391220234
2019-11-06,0.6969541892936114,0.2795094621684241,0.7187684763768007,0.41683344158240254,0.4651378980587501,0.5768650728942912,0.5710736917244291
2019-11-07,0.7649239472952246,0.24258827850218367,0.8249335327905755,0.5482615798801527,0.4072152414642248,0.583490470203668,0.5121460666411363
2019-11-08,0.7583755828145968,0.24456979381664648,0.8225387162516856,0.5405591461697116,0.3767044461028749,0.591158240077713,0.45175320818809134
2019-11-09,0.5799231280490444,0.12782699878970466,0.5615448091489963,0.17714920581464808,0.2968670639220195,0.5987030717064074,0.39096217646920556
2019-11-10,0.527006687054977,0.08759253598794083,0.4367322316862436,0.1261701561265093,0.31088454342835703,0.6060415855303694,0.33083310338209476
2019-11-11,0.5216127493284458,0.08309557135892934,0.41497197437860933,0.123782897306108,0.3610466429213244,0.6166438253222488,0.27225552222842525
2019-11-12,0.5199838645740137,0.08436845564424189,0.41395610243402475,0.12080507671683556,0.311603229519432,0.6270586500466723,0.2246308377975444
2019-11-13,0.5074792105579419,0.07831884534655256,0.4052157134703963,0.13999421732768977,0.3071169272812133,0.6372759948839118,0.2193353188473121
2019-11-14,0.5268349594195101,0.07204721055282082,0.3673788209211542,0.21055211520653233,0.31803667341213826,0.6475308450444855,0.21934095333164108
2019-11-15,0.5155623078141429,0.07332060642391035,0.39253962720504343,0.18296380607308105,0.32177548023159497,0.6578094358699333,0.21971541459618057
2019-11-16,0.48914689100544456,0.07397443322903509,0.43744913027777815,0.15328755556061444,0.30109247487340834,0.6680575697825782,0.22118711641930494
2019-11-17,0.4848666165112435,0.07273432553411942,0.441824193233266,0.16063438729341603,0.31396189189356366,0.6778433106879248,0.22275204550380553
2019-11-18,0.493785478053306,0.07311756563562254,0.42453933500045654,0.1637735048326376,0.33008760400850223,0.6853651768804824,0.2248280903175362
2019-11-19,0.443222684390022,0.07257295029721568,0.4521998900716926,0.12976482222521868,0.272272165864755,0.693181187896492,0.229969223670089
2019-11-20,0.4450582525922567,0.07264449171875535,0.44850625546094675,0.13020051690093742,0.23802793240275313,0.7010025667561023,0.23974560486328286
2019-11-21,0.4373345657255549,0.07059790394477707,0.4580233582053319,0.14188945892344942,0.24685175279119817,0.7081201057083709,0.2543505844656744
2019-11-22,0.3963126653174562,0.09628914964652074,0.43191977181045726,0.11511548595432818,0.23907010504921025,0.7145109465419875,0.27341976726311973
2019-11-23,0.3984167881351717,0.09461577265510827,0.43397294514255885,0.1177321173201389,0.2427428051326237,0.7196613019309921,0.2956317100360869
2019-11-24,0.39979008368376656,0.09520418442995059,0.4339036512745428,0.11560413251928278,0.23265462651724875,0.7232747039015477,0.31852862911340446
2019-11-25,0.32458404343901964,0.0945644961723115,0.4098986067058998,0.05764884537577307,0.1651739044521505,0.7268396407045531,0.3411376163684976
2019-11-26,0.3839004639228882,0.1152577338100383,0.44466833686116725,0.10406566729427776,0.16828640434880898,0.7308852617919106,0.36063080700036376
2019-11-27,0.3836414770651705,0.11513945787389965,0.4446585235223924,0.10441521368207252,0.16161045526228268,0.7350149798436666,0.3759475291868042
2019-11-28,0.4283063226300203,0.14392648675186337,0.5026923525985034,0.10459068180786621,0.16662371631775838,0.7392132808787207,0.3900344676773499
2019-11-29,0.4314362401596092,0.1438547858681292,0.4985294281424471,0.10500672697115847,0.15669808808631377,0.7434388003176657,0.40107664040806856
2019-11-30,0.4865666374980156,0.16169977176500042,0.4803794741885364,0.07873959293738728,0.1943973119258728,0.7478429535706981,0.411327745634669
2019-12-01,0.4618712215741215,0.1636879650975545,0.5082326772537016,0.07024196605521846,0.18367284855569263,0.7521935614131967,0.4212748327448622
2019-12-02,0.4454471455765125,0.16363951905047283,0.5276363019546132,0.07189337987551919,0.16663586916159895,0.7564488151194975,0.4312272923797219
2019-12-03,0.4666587167184627,0.15830962147151148,0.5095650929155834,0.08798944199375185,0.15431888481657988,0.7607228569224288,0.44118101997052905
2019-12-04,0.4722684938465548,0.15864360146981923,0.5026924000504854,0.0864846988692644,0.17277487918009135,0.765106468353345,0.45044470504369316
2019-12-05,0.4663980000271259,0.1586964297306473,0.5099484005928827,0.08636487194438623,0.1283639204553383,0.7702109035518958,0.45589811698267335
2019-12-06,0.5422262984711689,0.14329943118777191,0.48681254604448154,0.09441106486627289,0.13663837618169114,0.7751752618199537,0.4594885295179696
2019-12-07,0.5985269792664822,0.128001738404068,0.4522469171482845,0.14088872075950765,0.14599657710574615,0.7784832549664881,0.45967180514448996
2019-12-08,0.5892073923260297,0.12840195744074598,0.4657717735348814,0.1354114621157015,0.1873718252157503,0.7774379051088819,0.4596718052083946
2019-12-09,0.6440892548801529,0.0907159158778375,0.5727379096931186,0.06104208479767394,0.18893064451177818,0.7757629300483925,0.45967180527390916
2019-12-10,0.5963692485851145,0.08987544336988224,0.6175123370636482,0.10339198877304721,0.15091431585376178,0.7741911168566706,0.45967180534009305
2019-12-11,0.5771653252067857,0.09250093400155285,0.6405220840793308,0.11036015894796643,0.13632133095087276,0.7750890924489338,0.45967180540738045
2019-12-12,0.533840840079842,0.06730976478750421,0.6701996025560308,0.18891496446870978,0.15613200751915335,0.7739586270174827,0.45967180547310765
2019-12-13,0.5415208323645722,0.06644074723556392,0.657990183566257,0.18418089813655997,0.1522674740256986,0.7749143593063261,0.459671805540751
2019-12-14,0.5114211895115719,0.0390598665158489,0.5899640143459842,0.13406760009150318,0.17131387626513675,0.7758766746016954,0.4596718055901267
2019-12-15,0.5121705764490766,0.038449396321749825,0.5944158756208007,0.13402028848771555,0.17081878829644,0.7768332308999482,0.45967180559764415
2019-12-16,0.5347305209377113,0.03672820548825997,0.5529459173166434,0.12417734965922803,0.19178875205704754,0.7757535368152272,0.45967180560355175
2019-12-17,0.5180412737094751,0.04790434453680299,0.5124004678739422,0.10638928099892878,0.14938521443766065,0.774404063550858,0.4686689753048403
2019-12-18,0.4841162179486388,0.06421446023848104,0.4944139337597974,0.09210113570747817,0.13137110012451922,0.7750200596995006,0.501836483042494
2019-12-19,0.5774568010334479,0.15350019245442745,0.7664081357343446,0.4698692833129929,0.15118788616712886,0.7757787928616097,0.5374393609116226
2019-12-20,0.538691704743039,0.15022722762196072,0.8204316801139315,0.5823543833664522,0.15342637727205008,0.7764958272332775,0.5737917677659351
2019-12-21,0.526518304858051,0.14735291172663906,0.8468712537707702,0.6503442305680934,0.169969616841641,0.7772652441780213,0.6100565002070466
2019-12-22,0.5241946872318934,0.14748624523710788,0.849199831320582,0.6536463662568887,0.21877716119009383,0.7780223670099446,0.645472745282663
2019-12-23,0.5651447292044383,0.16698382919850935,0.7641303202369013,0.3856058732090866,0.28803343197238307,0.7759863427256246,0.6799395297770406
2019-12-24,0.5640564491350815,0.16737525991557867,0.7634768947615277,0.3839730606448583,0.2686124042513002,0.7739971007825094,0.7057162435613402
2019-12-25,0.5672959338615283,0.16670179918286157,0.7625431695003209,0.3849882622246291,0.2962498747835902,0.7714180158840303,0.710464946089619
2019-12-26,0.5639183698327989,0.166984708030814,0.7654853005075275,0.3877174935395689,0.2758021430315264,0.7686852953508618,0.7128499906247546
2019-12-27,0.5653218121596738,0.1669641030936958,0.7638825331821795,0.385665151830734,0.29961059961760117,0.7659325808473121,0.7142143848397791
2019-12-28,0.56438298055615,0.16685994154153425,0.7653231881543036,0.38814946645779147,0.2808764497739068,0.7633785766084883,0.7151711599486625
2019-12-29,0.5935754378599737,0.1621209383091373,0.7526746520646028,0.38425226101873416,0.32051389479001186,0.7611961038194741,0.7164573394268251
2019-12-30,0.5962462501539377,0.16240644705704405,0.7485747087649866,0.3774032526021597,0.3337150419806918,0.7589734403541922,0.7178180139443667
2019-12-31,0.6056143813569518,0.1579796115256947,0.7615118469459831,0.3990968009580367,0.3443293841166936,0.7562993940162737,0.7191182302217114
2020-01-01,0.6351739751966121,0.14409919941715948,0.8130888771468623,0.4688154716004451,0.3236629628041125,0.7537065410559225,0.720502527657528
2020-01-02,0.552584288529865,0.0597891847545483,0.7516239643237809,0.4504626691675796,0.33225084511450836,0.7510314463586895,0.7219778508026435
2020-01-03,0.5387036050343368,0.06964294559894715,0.6757502931621654,0.3690818992784363,0.3091535382441159,0.7490019474765148,0.7236032846434161
2020-01-04,0.5776409926667823,0.0963375754657773,0.6559548305436433,0.20289360237584111,0.31021424232628036,0.748403454758552,0.7256888365962467
2020-01-05,0.5856865944736785,0.09546949565819411,0.6451156851724398,0.1999002552506871,0.3076471849616696,0.749358415403002,0.7276709668899646
2020-01-06,0.540961784055445,0.06656773767664197,0.6572611505726839,0.35504992745122194,0.2675725432050131,0.7502857585163758,0.7294305875543984
2020-01-07,0.6083454308893432,0.09209956700221246,0.6571941640172431,0.23521768957585346,0.3363383424933504,0.7508770244508901,0.7310608748737722
2020-01-08,0.6623045308344178,0.10913977332874258,0.606619055753237,0.12828881597492106,0.34238287933677053,0.7515471561370883,0.732544764623646
2020-01-09,0.6571161094513045,0.11111736959826912,0.6070288749795638,0.12254542614710005,0.3413049862108754,0.752101150944526,0.7339929815643923
2020-01-10,0.63243100556812,0.12167393265798636,0.599107046847521,0.1032616609328389,0.3390388642406812,0.7524124668192128,0.7352318398227592
2020-01-11,0.6656240537779583,0.1335627556640336,0.5645463092013443,0.052122751506279395,0.4106460713561428,0.752691539626208,0.7358030188855839
2020-01-12,0.6396582496731802,0.1403712765555248,0.5814488391485243,0.04537666915027694,0.3938494826382841,0.7529971217628321,0.7360131191559822
2020-01-13,0.6461194464262029,0.14128895377443326,0.5723290906782246,0.038821237099138525,0.38777058573050005,0.7533374291635597,0.7361526639093907
2020-01-14,0.6566091221636068,0.1371777856201237,0.5700911233640927,0.04423855483857486,0.42712303147557396,0.7536983633892165,0.7362821792862967
2020-01-15,0.7380653725818885,0.17749740570598152,0.5819436666206861,0.07711657744685807,0.5383048026527811,0.7540738982987094,0.7362198362782686
2020-01-16,0.73814334477657,0.1774814009918809,0.5818838022932811,0.07713663306690857,0.5847458893031341,0.7542336069055392,0.7357274902874993
2020-01-17,0.7583224169775075,0.16582552098824166,0.5997600841384161,0.08515994208240245,0.6079879678247184,0.7543343468684907,0.734498356789814
2020-01-18,0.7365520536278467,0.1583186108281805,0.6254381671727537,0.1260377475950697,0.6128719343016825,0.7544427992667561,0.7328201510694103
2020-01-19,0.7368141105230294,0.15826426736058719,0.625253600016308,0.12609005491166564,0.6257962959149902,0.754554301873731,0.731080661296356
2020-01-20,0.7166404009865971,0.16661772172634054,0.6205814902070687,0.11263771940487001,0.632794450316571,0.754724608151473,0.7291111875674223
2020-01-21,0.6627713433883038,0.15536951717747233,0.6803459062144647,0.2014859020877926,0.6068340394368067,0.7549233101231436,0.7267641968894164
2020-01-22,0.6298867293798374,0.14103973916621368,0.7324902895631318,0.32931878239447254,0.5181802621842723,0.756950969669611,0.7244700774423741
2020-01-23,0.6349515741370331,0.13960413095890603,0.7325784514035428,0.3342232092377169,0.5358494713159065,0.7589670641511977,0.7221114863276877
2020-01-24,0.6308844609757386,0.14225962338084336,0.7209176999116655,0.32348490545809466,0.506204251401837,0.7609258856204549,0.7203928409960038
2020-01-25,0.5962208970282276,0.12904595443488473,0.7894301630075775,0.5104307669965501,0.5174235515559049,0.7629907498143618,0.719126075197072
2020-01-26,0.6064987790713239,0.12525456256531978,0.7998375615110107,0.5388658186952328,0.47593739881134406,0.7651526641165703,0.7179151124025147
2020-01-27,0.617180409282675,0.12943316577018968,0.77339470610931,0.46321679322227016,0.52837539203789,0.7669658482311104,0.7169314919583653
2020-01-28,0.6541564743204509,0.1342149373801163,0.7151576170943283,0.3492944234530402,0.6124240933132817,0.7689633917366671,0.7163343999603663
2020-01-29,0.6218490636883309,0.09165836429785536,0.5627055870758723,0.10922381149516273,0.6314867034342052,0.7711450075861467,0.7158722727651592
2020-01-30,0.6142159581366952,0.0931238420832361,0.5725965892257624,0.10458985196335223,0.679263756956782,0.7731039946938094,0.7158281076164815
2020-01-31,0.6432234806577677,0.09367614138493975,0.5295816083406852,0.08927719314090646,0.714067489779761,0.7748503298494201,0.7158281090917574
2020-02-01,0.6061693319671013,0.09577292834930215,0.5736850401705439,0.09751850335409745,0.7113904363687249,0.7766183702972433,0.7159753268864254
2020-02-02,0.6081636473631087,0.09574206953868462,0.5702292837605927,0.09648234193454909,0.7327023810383858,0.7783225447954282,0.7162579072573162
2020-02-03,0.6249144665292091,0.08832821541425033,0.5725070293714268,0.1178445335558369,0.6833439312736344,0.7698185310221056,0.7171283616381832
2020-02-04,0.6292960200899389,0.0872028088031477,0.5678385391009152,0.12248366310276444,0.6421533128853824,0.7609825365379111,0.7306721647107053
2020-02-05,0.6085460167650932,0.08890882832901101,0.5987419325775316,0.12717535026923335,0.5995778462171792,0.7526670468105643,0.748985219055795
2020-02-06,0.6527112808859233,0.1019539205872067,0.5565472966235695,0.07007693684734853,0.6112824419695122,0.7446286083523803,0.7667608208766648
2020-02-07,0.6957370299335096,0.08418172053098928,0.5775329381898368,0.05595565935481169,0.6115959775432736,0.7361906046258527,0.7839857298789974
2020-02-08,0.6963962127070217,0.08408848506837872,0.5765125919035543,0.05598995857329469,0.6753117211238394,0.7273770060607487,0.8005234411882804
2020-02-09,0.7130998974055465,0.07888629188830426,0.5648804236433596,0.06692338852651894,0.7127462627292329,0.7179809839741733,0.8163883959917804
2020-02-10,0.7083469529373165,0.07692941524482148,0.5715839660619217,0.07892171397244976,0.6905068406062072,0.708646743060118,0.8312296770138454
2020-02-11,0.6540909605313742,0.08637609006187937,0.5743556858037796,0.11620877655855942,0.6521069022615227,0.6983080565535388,0.8354579635335819
2020-02-12,0.6435980798522158,0.07624096166005316,0.5405832636146881,0.09269760267563325,0.6768227189460121,0.6879770932852516,0.8354579635609103
2020-02-13,0.6606053683757995,0.07372850599661236,0.5126629844927408,0.10447404711466368,0.682681523794906,0.6777314144741179,0.8354579635753804
2020-02-14,0.6327502682295025,0.07373331463714367,0.5574515813675811,0.11370924784122823,0.6278172228277864,0.6675091344682247,0.8354579635795272
2020-02-15,0.6587358318286213,0.06607583764777536,0.5381049060770303,0.14382134600667118,0.6285459543811539,0.6581656623614058,0.8354579635842355
2020-02-16,0.6164835003197751,0.09483318278743177,0.45811342308972614,0.1498318071735194,0.5539055162532609,0.647969267292582,0.835457963590696
2020-02-17,0.6263440454951353,0.09398497457570221,0.44051871701908957,0.16120151229831423,0.5552087020017202,0.635266515361102,0.8354579635971566
2020-02-18,0.6109726857251672,0.09969443134094809,0.4592762750745204,0.1213088999181343,0.4802542932331969,0.6226190593941255,0.8353289303413611
2020-02-19,0.659367728828022,0.111532030456788,0.4414229451988114,0.11264230434911748,0.5652404163121997,0.6100305566200303,0.8341895130450755
2020-02-20,0.5724737685348159,0.13005624377310804,0.4252041693975499,0.1127377569388278,0.5358452783120556,0.5952903602098932,0.83283226138355
2020-02-21,0.5596038816731952,0.12790249351955968,0.439026257533032,0.11708551975279717,0.5166323625014705,0.5863585012619392,0.8314704254332895
2020-02-22,0.5625632659007517,0.12833065695120105,0.43552124190726527,0.11621144964148437,0.5668421624169283,0.578004880363182,0.8301040054876865
2020-02-23,0.5532441220160463,0.12758451932878417,0.4478043482119437,0.11600824579440548,0.5946904964471416,0.5701313029969989,0.8287330021255087
2020-02-24,0.5573324963120683,0.12977137246777573,0.4497036878692392,0.11052621037675635,0.6636758084904718,0.5627368817548386,0.8273574157677742
2020-02-25,0.558186545526351,0.1293272555225862,0.44923501186348874,0.11235382032129637,0.5981560273959935,0.5557635424219834,0.8261033406917537
2020-02-26,0.49559774734355955,0.1225629263670194,0.48178949149109834,0.10482435311302235,0.4606065193185717,0.5495141527400645,0.8251939982407515
2020-02-27,0.4355585382755828,0.13944044907655817,0.5051469205671679,0.08132659156918523,0.33078314280131454,0.5438955843913464,0.8240379653028029
2020-02-28,0.44330527308426027,0.14020156125764807,0.49507543387267455,0.0781588119934829,0.29842158060283713,0.5387565757171723,0.822878750678828
2020-02-29,0.4233280610425431,0.13643293182625774,0.5179015634583942,0.09399893784271814,0.30505440212030677,0.5341365393015992,0.8217163550526345
2020-03-01,0.44817729825321573,0.12722162279532162,0.5033541883406661,0.12726099185235293,0.23952828472524643,0.5297910652492152,0.820550779083714
2020-03-02,0.44558956795751653,0.1264802633740237,0.5060659899478853,0.1311943951484336,0.23616132284219926,0.5257793865802594,0.8193820238444173
2020-03-03,0.5000538622999067,0.1448880736997259,0.49052785384778924,0.09701185744008557,0.33360892793737784,0.5220509685819749,0.8182162095725828
2020-03-04,0.44646127588576534,0.12350478448488696,0.4922883984621828,0.12807424352710903,0.28700314122654136,0.5104588332754445,0.8174698760090285
2020-03-05,0.49373732566120915,0.10228760263788121,0.49274056655458415,0.18775574054796965,0.3008720087741446,0.49895268363762335,0.814576215005686
2020-03-06,0.5206851094147482,0.11482636050432822,0.4900227946847956,0.1343925254976801,0.36745222986979176,0.4874949240792569,0.8110127261961166
2020-03-07,0.5193930447072698,0.11450902036238134,0.49154786990068927,0.13615949808811334,0.30244194220409776,0.47595854461549286,0.8074207294514978
2020-03-08,0.4970256160583089,0.11905827295895545,0.5182719332004498,0.11263008861737996,0.23174758950704605,0.46435561216785975,0.8038002717991795
2020-03-09,0.3822510354125983,0.1716085374930922,0.3799540069378736,0.26014488992482526,0.17091182059129187,0.4528885822656647,0.8001514071729834
2020-03-10,0.39363677080231496,0.17048239006181304,0.3652538720531732,0.27712585567050235,0.14703933759180618,0.44182553563748816,0.7964741965088208
2020-03-11,0.4184238237160978,0.16806401191792947,0.3336099035468568,0.3182488393241702,0.1399215901958978,0.4309261069177123,0.7930598221223202
2020-03-12,0.47294257613495083,0.15348034913892536,0.26169702652589255,0.5039379275550142,0.1563210686631313,0.42010072255375774,0.7923822689264708
2020-03-13,0.0,0.8721896359579454,0.0,1.0,0.0722672863937797,0.4050871358847673,0.7923822689405995
2020-03-14,0.13171465775778657,0.9231848758298753,0.06133326728846677,0.8759240640080437,0.06846091143810107,0.3952970481511452,0.7923822689488794
2020-03-15,0.08303720133237173,0.9243167106092556,0.07588455421386939,0.8417983204657655,0.0381876782948745,0.3850457709950645,0.7923822689561639
2020-03-16,0.10993551678329283,0.9298690223812489,0.0769409625618026,0.835981306566671,0.020322161244385545,0.3816492055416424,0.7923822689660405
2020-03-17,0.014356765368714025,0.9201014418810552,0.0881960960543899,0.8178162292428701,0.020612567657143352,0.37835966333811794,0.7923822689737726
2020-03-18,0.08706956496277485,0.9375823131323799,0.0949207831662385,0.794134617072193,0.034366829129278756,0.3752234272361914,0.7923822689812205
2020-03-19,0.10053067804135823,0.9396963238779362,0.09423795031622015,0.7938181330368586,0.023203968120558523,0.3718546895276638,0.7923822689886684
2020-03-20,0.1895228333630679,0.9762117662164964,0.12771397048426053,0.7217387839286359,0.03582661810219226,0.36866757345789136,0.7923822689961163
2020-03-21,0.18712157582404518,0.9759084927771519,0.1279676576023829,0.7215527325302348,0.05623504302604499,0.3654245127774847,0.792382269003564
2020-03-22,0.2041293926380983,0.9766416008055082,0.12442114082206353,0.7275879260546849,0.051663640090749655,0.36203236453945586,0.7923822690082962
2020-03-23,0.24103801094949015,0.9699372831253621,0.10845876591631617,0.7693797710486349,0.02357742875890943,0.3584148454585272,0.7923822690083739
2020-03-24,0.3487704752192497,0.9954249270864753,0.1163902225977818,0.7403379451359032,0.028067200878428906,0.35556786384691325,0.7923822690083739
2020-03-25,0.38886945436438936,1.0,0.11186207563074867,0.7453379366571568,0.033182267714791394,0.3524160399067084,0.7923822690083739
2020-03-26,0.37681062482873623,0.9994716573855369,0.11429321165151118,0.741015027195224,0.066367856715711,0.34903505761339576,0.7923822690083739
2020-03-27,0.858169829086969,0.38240217706232854,0.5533385130823195,0.07997670328827836,0.13129690924616888,0.3455272026639253,0.7923822690088151
2020-03-28,0.6848122179222935,0.3492093863789792,0.5764536469860196,0.1054707539359633,0.11537503743455058,0.3404950618472439,0.7923822690102632
2020-03-29,0.7306123121072718,0.32564726493895096,0.590071316206107,0.1268518442300141,0.08384335375547385,0.33602301481639246,0.7923822690117498
2020-03-30,0.6527256627035949,0.34018239918749454,0.6157450198012139,0.12492209009676723,0.048942160478839876,0.33423113650645764,0.7923822690132363
2020-03-31,0.7879401053665847,0.3367846562647483,0.5775674559023459,0.0837319712282821,0.1755558385582705,0.33220122039185973,0.792382269014723
2020-04-01,0.7345054086310535,0.3271054879012091,0.6136914641707427,0.12133331591295042,0.1490231791671804,0.3297934453287784,0.7923499490322918
2020-04-02,0.7536998875037556,0.328815522051786,0.5995252327447462,0.10982758744429294,0.0830235231660997,0.3302073651261627,0.7914765211070465
2020-04-03,0.6589805098348472,0.2636928352825701,0.5784545842750386,0.13339132361137285,0.12465973164636739,0.3307694904739173,0.7902318251505974
2020-04-04,0.6476366510771868,0.26482790695281505,0.5866637072342982,0.13339444452495977,0.11713992343862663,0.3313558333725278,0.7889840021339671
2020-04-05,0.6705893150549577,0.26420644253514497,0.5685341098788337,0.12819653418524599,0.1422983608418949,0.33204946527217966,0.7877330547203182
2020-04-06,0.7134777368398938,0.24182014418276254,0.5856308628049085,0.160340105453133,0.09546219599818535,0.33278993663377016,0.7864789861053411
2020-04-07,0.6814086784342654,0.20963595703690685,0.5273902884133231,0.1251809422547163,0.25690295846977823,0.33362052084135063,0.7852217996189026
2020-04-08,0.6306471522199709,0.20664842504144051,0.5705984037869833,0.14709353310123807,0.32361948614778446,0.3337977087768785,0.7839943877389915
2020-04-09,0.6581883339434752,0.206851005054976,0.544005601794813,0.13856349379676802,0.37045958738143947,0.3332757477728371,0.7836197618867586
2020-04-10,0.6416215392200211,0.20845174419570978,0.5590155277781038,0.13613252193756478,0.3237189169243877,0.33218021155855937,0.7835539666442547
2020-04-11,0.6399734293649288,0.20991911718623846,0.555243421287301,0.13678606072315458,0.2687224547012363,0.3301498312546163,0.7810076721537399
2020-04-12,0.6583138451235772,0.20606317677713748,0.5419656705071207,0.14773947748135624,0.31935791601784175,0.3276358524253141,0.7771864117523166
2020-04-13,0.7176966893610972,0.18005979756542778,0.5507672920295613,0.2017891424882919,0.33538350303699793,0.3242107262983403,0.7732655417641185
2020-04-14,0.6318147788973572,0.13888245318959702,0.5107878683423157,0.26420827782723993,0.3772552071553658,0.3197132158629433,0.7665963120763793
2020-04-15,0.6294901786544719,0.13894113927991916,0.5139487061351684,0.26386350102149614,0.3632537957081801,0.3192608868101188,0.758455563993745
2020-04-16,0.567422878292663,0.14226064563088,0.5561048510504606,0.26033805888354933,0.28279740521483304,0.31830266342107594,0.7501986478105871
2020-04-17,0.6043523612864727,0.17011456043121392,0.5812979366850446,0.18519561934007459,0.36948265680833964,0.31674787544354427,0.7418981201544876
2020-04-18,0.6032920271611666,0.1703155259021479,0.5821827459415738,0.1845817170945899,0.3971188538640152,0.3147053127575261,0.7361804505685043
2020-04-19,0.6134117131427809,0.17355976335644813,0.5715342553040601,0.16441107203890587,0.39404457190518977,0.3117360176657708,0.7317764139518149
2020-04-20,0.6077110104591276,0.17510311666967202,0.5750339433657383,0.15936522814542783,0.3394713574191227,0.3083214197659745,0.727420140952763
2020-04-21,0.5089828465516694,0.14887153455366786,0.5760663766332836,0.2022110942281276,0.27268439537743355,0.2965455981222793,0.7259523669920388
2020-04-22,0.5255936970097326,0.14777333623484182,0.556420356296415,0.20239134358741975,0.3168907426659945,0.2668429289202378,0.7259523670987866
2020-04-23,0.5397326755043104,0.1558575801520407,0.5531830403191674,0.1663927938270186,0.3297526163271083,0.17532864006111054,0.7259523672028216
2020-04-24,0.5889485707330818,0.17056365049696287,0.5194813331009783,0.11041274960725493,0.34731148691086405,,0.7259523672767002
2020-04-25,0.6441564333270461,0.13898814740546808,0.5681298238113938,0.12130224208048174,0.31834694812272485,,0.725952367343532
2020-04-26,0.646228428906492,0.13885010778731524,0.5654768979391045,0.12112287766207093,0.33452390924751335,,0.7259523674218894
2020-04-27,0.6508202499212205,0.1396045016090089,0.559128623714747,0.1153754167617709,0.44567512108207363,,0.7259015712523185
2020-04-28,0.668889975325976,0.13682483708980137,0.539343788251737,0.12326968732053568,0.5224628066285201,,0.7248776198477301
2020-04-29,0.6647414355039445,0.13743756626076206,0.5442587528990018,0.12115074435428173,0.5527143294363716,,0.7230959409331041
2020-04-30,0.8058144844299252,0.20565951966618493,0.6934127999115736,0.30529625085005924,0.5872557849554773,,0.7187802581836343
2020-05-01,0.7295158711337313,0.19749842810326668,0.7576730709132976,0.44307425091764324,0.6105305485109715,,0.713978255983975
2020-05-02,0.7572042634807609,0.1942778646432094,0.7408678989365223,0.4346786676139676,0.6427302025445663,,0.7091439510267441
2020-05-03,0.745333124129666,0.1929402615932699,0.756793030730313,0.463126694189711,0.6401258586438231,,0.7039628324069377
2020-05-04,0.7523812183199583,0.1901021392980884,0.7623059710201016,0.47852918013812695,0.629186530795285,,0.6975145538094849
2020-05-05,0.7869331313506197,0.17060087278165825,0.8439917840352568,0.5941076862110998,0.6002265323029199,,0.6918916378776466
2020-05-06,0.7961611091608085,0.16894325681425854,0.8418894049720139,0.5963877418751252,0.6362568237967492,,0.6857902188469247
2020-05-07,0.7786547240367162,0.16595067288869397,0.8743113988488209,0.6749717936733025,0.5940984204727539,,0.6812813791760951
2020-05-08,0.814327241570951,0.19182342792434712,0.8016050356413802,0.4077221879128453,0.6753796270567276,,0.6604218914700302
2020-05-09,0.7967629565256951,0.1987394200894243,0.7858364740715269,0.3832379348839606,0.644182272195306,,0.6254968977695164
2020-05-10,0.7710475329972454,0.20874653319217135,0.7657082382248014,0.35218966519468425,0.6525512429379575,,0.5898423375667615
2020-05-11,0.6780996937228188,0.26261583633901864,0.6127802782162229,0.28570618157161015,0.6833846887023146,,0.5547542479407537
2020-05-12,0.6559402707531812,0.265400909976667,0.6267587804953576,0.2823322961306255,0.6900885324858751,0.9112496876071765,0.519176889885954
2020-05-13,0.6803418437524217,0.2663224834560426,0.6062449860107256,0.2659678311728416,0.7102063412863595,0.6698588639601525,0.4845529632711206
2020-05-14,0.6179312386304198,0.2031252532860247,0.47919090628705313,0.2583276737727188,0.7500653150248497,0.5876166889268652,0.4508457348656659
2020-05-15,0.6787990281178323,0.21026601851998716,0.4396369657805877,0.23920020319898225,0.7956215595075358,0.5434537751610856,0.4359804726488987
2020-05-16,0.6136663984929533,0.22849428919725842,0.47782760911199396,0.1639502167809845,0.7772660265268132,0.5030558679760783,0.43598047267846723
2020-05-17,0.6049503843988775,0.227650574144775,0.4855029841644717,0.16662379910688388,0.7350656925006616,0.4744254743185417,0.43598047312225185
2020-05-18,0.6393552344476944,0.23019295856374347,0.4570257234862901,0.1618929196769944,0.7612871809358231,0.451752020814289,0.43598047361711906
2020-05-19,0.6441809488096425,0.22991424470376184,0.4524478278720948,0.16420056030639524,0.7453561059004847,0.4331353786065891,0.4359804742666116
2020-05-20,0.6366642466187129,0.22973845711006322,0.45932761313764836,0.16323565957467387,0.7952818649220866,0.4152728428896336,0.4359804749654406
2020-05-21,0.596566906171025,0.23379572935285797,0.49288833899678186,0.14325288565469646,0.8261127199484052,0.39988778742821884,0.43598047579055943
2020-05-22,0.47858565541229814,0.19986592117259916,0.46528524331960036,0.11480638561180014,0.762918844426219,0.3869520774620509,0.4359804766265032
2020-05-23,0.5033315706810033,0.20051504728415714,0.4411324438305584,0.11897972171653289,0.7369409071090032,0.373829864618582,0.43598047722082056
2020-05-24,0.5261244657222242,0.19792042607018928,0.417031374013342,0.1383831745951842,0.7241623531143531,0.36199701952841024,0.43598047740092166
2020-05-25,0.5622754996090099,0.1624069350502036,0.4934089458460967,0.07084165110171498,0.6894210815996035,0.3514268832391489,0.43598047752994
2020-05-26,0.5939959228481931,0.1631164820552393,0.4589408265280817,0.07390987170234094,0.6839041066152073,0.3420816626028075,0.435980477504331
2020-05-27,0.565822838739361,0.15921529933190637,0.48681093776601336,0.08191392923518115,0.6079247836126288,0.33397251072225925,0.4359804774293854
2020-05-28,0.5512283711990932,0.14774660662558178,0.46047087414765936,0.07712374432054608,0.6449253284838863,0.3267523575764783,0.4359804772281499
2020-05-29,0.5398540292275894,0.13855203294827315,0.43326080498355835,0.06776403090448094,0.7046444627151257,0.320294724359544,0.43598047701608955
2020-05-30,0.5716952398130803,0.11809481981498836,0.43626701860438716,0.09785465842807214,0.5669245575601385,0.3141331548594493,0.4359804768040992
2020-05-31,0.5893613430814764,0.12349172065884681,0.4261225885601409,0.08521002154349365,0.6566595681933599,0.3086582788350081,0.4359804765963074
2020-06-01,0.5423131021741412,0.12038704275522083,0.4693598632790186,0.07296879209564831,0.5483513763186972,0.30346064131100614,0.435980476435144
2020-06-02,0.6054006573474796,0.16510175085567758,0.5598422825960434,0.13138196840336264,0.5728097043701036,0.2982725649706089,0.435980476428608
2020-06-03,0.5413325463879736,0.1972526958074842,0.5285831475739521,0.11039553079359195,0.580047792345152,0.2931594147046824,0.4359804764353254
2020-06-04,0.5765736369117282,0.19413482862536224,0.49607118050902554,0.11982164452655518,0.5869378716625577,0.28814582999857263,0.4359804764420432
2020-06-05,0.6303822892708308,0.17843093452271397,0.4634953985879876,0.1744984279049104,0.5805265126415294,0.28354673417546683,0.43598047644876065
2020-06-06,0.6077707084645069,0.1809309840953934,0.4877527103298833,0.158535482486828,0.48340457395086084,0.2792066213517369,0.4359804764554084
2020-06-07,0.6103172512903821,0.18087724582368644,0.484883479262394,0.15906128048476928,0.4042367111252958,0.2751027058601326,0.4359804764578575
2020-06-08,0.6573433258514085,0.16242392708073225,0.46302428171895327,0.23860000933542544,0.43821287630635647,0.27125466288956096,0.4359804764578575
2020-06-09,0.6419360026849826,0.16120314059143842,0.4804805150318785,0.24389478837291542,0.5161498044642359,0.2676492895829601,0.4359804764578575
2020-06-10,0.6450659833878064,0.16063858412292145,0.47687804844905346,0.24830049802097753,0.6087740477088146,0.2642967416561781,0.4359804764578575
2020-06-11,0.6221926157881461,0.1534577713436744,0.49225385700364116,0.2940148515540371,0.6685340177098436,0.2611396933342047,0.4359804764578575
2020-06-12,0.5368768309656718,0.1710230844619542,0.5071419991294923,0.23842791736143176,0.5332698858935868,0.25808540617394865,0.4359804764603397
2020-06-13,0.5675393655937397,0.17228551392746527,0.47474930881076655,0.2329988860830986,0.46138699498817487,0.2551740376403001,0.4359804764728928
2020-06-14,0.5441865533518344,0.16715363422374233,0.49504063691223177,0.262732634366441,0.418098779432324,0.2523890734675646,0.43598047648650956
2020-06-15,0.5525845958998635,0.16482430211879306,0.48732131018050817,0.27945133066780853,0.42530847864399,0.24974708392843942,0.4359804765001265
2020-06-16,0.4926236911136956,0.11525794529055089,0.2500296450919753,0.28581272831984283,0.43060991635699386,0.24692804618748063,0.4359804765137433
2020-06-17,0.5620785093585073,0.07109838268582559,0.16318462361047922,0.583425459538053,0.4085391235765739,0.24425574860760166,0.4359804765273603
2020-06-18,0.544435812734156,0.06898814882533792,0.1784594985901033,0.5654115164495154,0.38780338734094094,0.24170254808224295,0.4359804765409771
2020-06-19,0.525280408812908,0.06597230820753326,0.18805759212154755,0.5620660735798381,0.32841435245182293,0.23925289613885836,0.4359804765521704
2020-06-20,0.5301578359282895,0.06454043172888325,0.16906621371711436,0.6128815689228744,0.36600070433396154,0.23686977670760584,0.4359804765724937
2020-06-21,0.5310729626028198,0.06472830067724056,0.16890537405467287,0.6117442285348186,0.458851352335334,0.23456150485433575,0.4359804766230024
2020-06-22,0.5184101871422075,0.063468290629349,0.18427028420830213,0.5950290692987477,0.4163515241120356,0.23232750779325262,0.4359804766830649
2020-06-23,0.552175879919789,0.08610679021678307,0.36028726679520995,0.4095106061535553,0.5063122076835216,0.2135252495979321,0.43598047674312745
2020-06-24,0.5484197572697966,0.08646076732620141,0.3681287592348856,0.39907535117649895,0.5595394279310233,0.20618600642352156,0.43598047680318996
2020-06-25,0.5069075373120308,0.09577130868581393,0.42251056403261406,0.2720233698512012,0.4830782072037917,0.19894272156373952,0.4359804768632525
2020-06-26,0.5550505617289967,0.05711744280899537,0.5926865973474289,0.2925457926762079,0.4709256210999282,0.19196902226455784,0.4359804769232562
2020-06-27,0.5297068935917926,0.05183245793402504,0.6460813190209782,0.40422314422970707,0.39685547807044685,0.1866399494412859,0.41802513151333887
2020-06-28,0.5150443479665221,0.05422631381981424,0.6655263821535942,0.3881711984467951,0.3340474973016136,0.18156980835893272,0.3836333481424082
2020-06-29,0.5380296406996882,0.05596409940117666,0.6161331189585946,0.32235594692207886,0.375747653305805,0.17642325309448548,0.34949063795252083
2020-06-30,0.5376636685000257,0.05584850958922273,0.6170559318956105,0.32463931551105296,0.37437698267144154,0.17123941027581924,0.3157608171824102
2020-07-01,0.5243096973413657,0.05368597978251621,0.6517741086680486,0.3824967868734406,0.3982637632780935,0.1666546746873832,0.2825997534453654
2020-07-02,0.5384738359696332,0.05552499569706934,0.6157398787760692,0.32861490508860847,0.3872196214970516,0.16228046713669866,0.25015260291961094
2020-07-03,0.5313315747007524,0.057679102927977274,0.6204263002645617,0.3063400194088798,0.3823493260763409,0.15792393006134772,0.21855146692903415
2020-07-04,0.5376934478377785,0.05685033701845313,0.6089918676270134,0.31067602000143074,0.3724191331593605,0.1541365396090195,0.20370175671210894
2020-07-05,0.540513613894637,0.057594879407438196,0.6019515270877159,0.29615456016183567,0.39174282635502844,0.15050380643686911,0.20370175680318248
2020-07-06,0.5414088552228948,0.05746363319312675,0.6003442496033923,0.29709578050350766,0.4142911149047261,0.1469153200775001,0.20370175689425596
2020-07-07,0.5307905997267217,0.044087758675444906,0.49872911539416553,0.21028419035281332,0.43850578165751936,0.1431949048066293,0.20370175698532955
2020-07-08,0.5283848374614057,0.04456560238252809,0.5042675277538268,0.2038448121207441,0.43898362664869883,0.1393632591257115,0.20370175703494994
2020-07-09,0.5763381651003999,0.030675002007787843,0.5953811244282365,0.11265868793777746,0.4453995945764981,0.13547847694985998,0.20370175703529644
2020-07-10,0.5617355894060143,0.03862579689897462,0.568546579923822,0.09462154898892719,0.4085443723594665,0.14021180539452338,0.20370175703529644
2020-07-11,0.5750959637010632,0.037367766303183086,0.5373898930109676,0.09588383784842687,0.39774184289106196,0.1444706432001987,0.20370175703529644
2020-07-12,0.5845072381973443,0.032700358930411594,0.5400634036168923,0.12069606238741055,0.4311329278132214,0.14857588492840848,0.20370175703529644
2020-07-13,0.5787113601189179,0.03089504336460069,0.5541056326952507,0.14377373106026228,0.44087632655910675,0.15270327355989352,0.20370175703529644
2020-07-14,0.5666354597173999,0.030897637332004277,0.5878118445799432,0.15658244706852947,0.4346341414998281,0.15701502541049586,0.2037017570789678
2020-07-15,0.5720497437372445,0.030315198994445725,0.5736598123221693,0.15775787929376175,0.4563090436683062,0.16230050950491381,0.2037017572198414
2020-07-16,0.5585961062725071,0.029380251598757734,0.6128801411120077,0.1890716245523574,0.4411917257871201,0.16770282302688594,0.20370175736825238
2020-07-17,0.5664915862741295,0.025550198657555954,0.6251685732111747,0.21967721058806775,0.4262591282836242,0.17295830855386388,0.20370175751666336
2020-07-18,0.5709772457880394,0.02540375720401577,0.6113516757776096,0.21356743943128734,0.4490945379511742,0.17822831853971294,0.20370175766507423
2020-07-19,0.5651640285830125,0.024294297580951207,0.6325579256967112,0.24448501964426989,0.4721122525963225,0.18347037578644715,0.2037017578134852
2020-07-20,0.5738461576281539,0.023699084578094748,0.6082791268252216,0.237940902885051,0.47625509187005777,0.1890529254553134,0.20370175796189602
2020-07-21,0.5434117342221529,0.004270899460806353,0.5120817912411547,0.2450284711254002,0.46837509189954046,0.19475355841621303,0.20370175806663565
2020-07-22,0.5728421384116228,0.016149601373485277,0.5536943664230481,0.20952691793368705,0.48460277407702473,0.20038537477971866,0.20370175807417298
2020-07-23,0.5681660007783396,0.012451551137087197,0.5395317585107373,0.24182861580806558,0.47600152357181513,0.206045357521864,0.20370175807417298
2020-07-24,0.5941233169550002,0.0,0.6632351778775837,0.22798278216164258,0.5002893261522069,0.21187222988122859,0.20370175807417298
2020-07-25,0.5828833764815416,0.002049041962238553,0.6818477135897578,0.23034275419585956,0.535084161362996,0.21767742229045886,0.20370175809080804
2020-07-26,0.6013386429762118,0.004511995079551775,0.6234040019074345,0.13810130267076443,0.5522332802244799,0.22348000551857208,0.20370175814923272
2020-07-27,0.6162244133525043,0.013227041766680315,0.6051445455233666,0.0784089678094368,0.5621181779655036,0.22933101490143845,0.20370175821229775
2020-07-28,0.7105060542584881,0.12090332346246241,0.9275450131844344,0.7994908351963786,0.5747137153751816,0.2344875703137282,0.20370175827664752
2020-07-29,0.6989773942407381,0.12483063929783397,0.9100986744398315,0.7593220589483283,0.5735860527846595,0.23985569675130994,0.20370175834099727
2020-07-30,0.7184578887319392,0.12229528061045751,0.9015549081743551,0.7489510966863551,0.578160503371081,0.24474500562008036,0.20370175840534696
2020-07-31,0.7246195615816763,0.12028069934959963,0.9094954240242837,0.7689977529266949,0.5850915426735145,0.2496465758787751,0.20370175846969682
2020-08-01,0.73992581678843,0.11941926134612202,0.8932381004938316,0.7389560689133446,0.5888224787384436,0.25391455965035986,0.20370175851741143
2020-08-02,0.7739999914475052,0.12287885098059301,0.8316954127674793,0.5864026895904239,0.6034266098648589,0.25720479347287567,0.20370175853397857
2020-08-03,0.714543769397943,0.16963664377217025,0.5804676046452362,0.39829272146983175,0.6204214051502488,0.2542064026473749,0.20370175874962426
2020-08-04,0.7323363328476027,0.16735159316689927,0.5632724525512027,0.4125520534031991,0.6244901261299354,0.251533127618713,0.20370175904177998
2020-08-05,0.7088914961127577,0.16822048874963316,0.5887606108293975,0.4145704672913966,0.6151777872460145,0.24886918207188538,0.20370175933516493
2020-08-06,0.7382454971378515,0.17608462001556602,0.558427851758243,0.3379365208546425,0.624265103821459,0.24631532880220808,0.20370175962870732
2020-08-07,0.7325932393827892,0.17689309611911044,0.5638266883475779,0.3333205409898549,0.6348953304196987,0.24374833663391704,0.20370175992224954
2020-08-08,0.7256457700175255,0.1795021740188994,0.5657929191640887,0.31731293134773986,0.6160095391021948,0.24120332816543733,0.20370176021580022
2020-08-09,0.7234956256775116,0.1794786838714607,0.5682422410887427,0.3182888505775545,0.6359652654174837,0.2390486648297105,0.20370176049968655
2020-08-10,0.6965573096741305,0.18129217232871425,0.5944720453983986,0.31696479801237126,0.6353426890982515,0.2373517112121026,0.2037017605805146
2020-08-11,0.621688649969242,0.11489486850834711,0.3595555044888607,0.3172361280907895,0.6528091826941774,0.23670227135241675,0.20370176058354741
2020-08-12,0.5945302417856819,0.13176558235400596,0.3795687846576576,0.204402338193114,0.629524352055027,0.23631522550356776,0.2037017609465337
2020-08-13,0.5936523401494992,0.13154303878008727,0.3800974682082247,0.2051454114028005,0.6519792644720357,0.23603734208234664,0.2037017647288166
2020-08-14,0.6092523040511784,0.13327903715440012,0.36334237116639956,0.20777980709758645,0.6831263942628358,0.2359122273209592,0.2035638129660796
2020-08-15,0.5896063819046666,0.13121359282556255,0.3843846690206114,0.203627447358249,0.6940815820664695,0.23577255651761497,0.20168447300300482
2020-08-16,0.5624707833630599,0.11853969795526274,0.36271131000224943,0.2486775785659261,0.7240475963549226,0.23565944288681862,0.1992842415887054
2020-08-17,0.6219899282548362,0.07354146147780799,0.441750735474939,0.3025490089641187,0.7283934098548942,0.23562609074179494,0.1968903653598445
2020-08-18,0.6354923289144514,0.07986109859968209,0.4450854908802934,0.24938097199835185,0.7730414915803642,0.2359018272248097,0.19450289196651893
2020-08-19,0.6141172653287272,0.09067589062782934,0.4574113771002838,0.170126256048006,0.7555779626463971,0.23621443282130772,0.19212186807704548
2020-08-20,0.5570357140315748,0.07200818925679336,0.40932170880683344,0.13525334577823117,0.707206363459931,0.2366145510563055,0.18974733704939206
2020-08-21,0.5643103651000089,0.07317749206217045,0.3985352094363358,0.13342865006925161,0.7034344711784473,0.22843165318545486,0.18751472158977875
2020-08-22,0.5516584098631234,0.08062226366489203,0.40923265977335044,0.09437238603904544,0.601159360569709,0.22091778942776943,0.18699735766907025
2020-08-23,0.5513089159213727,0.08050023426260314,0.40937418946578996,0.09472987974417138,0.5888035411605239,0.21354002898596233,0.18699735776718482
2020-08-24,0.5574057891243295,0.0799141192098472,0.3966319299280188,0.10494304283627395,0.5832871129688414,0.2062628260953665,0.1869973578652994
2020-08-25,0.5517663926686607,0.07790484117171437,0.3980379058881568,0.11085977509692736,0.5703950020130252,0.19897942993965848,0.1869973579633715
2020-08-26,0.559192663411076,0.07012162428993593,0.42415559990271884,0.07855928619114741,0.43344486495067364,0.1908961841192122,0.18699735804160814
2020-08-27,0.556264808060757,0.06894547292970714,0.424659572095,0.08214335147331683,0.39808315475487954,0.18287634601273856,0.18699735809193455
2020-08-28,0.5283556224108689,0.06597292483911715,0.46372520209906526,0.07727198367434474,0.38844805944983857,0.17506128169410756,0.18699735810228946
2020-08-29,0.5449973341788338,0.07025119800046407,0.4443142485335001,0.06410111391104979,0.4063504073335115,0.16729115027425856,0.18699735793417566
2020-08-30,0.5335537228372722,0.0687100994043022,0.4643368380914542,0.06720985400727524,0.4060548815710677,0.15960321183622733,0.18699735777944693
2020-08-31,0.5475977713265201,0.07414298869900858,0.4573131260415469,0.051676440306244235,0.3890369731685397,0.15159277727699913,0.18699735777677076
2020-09-01,0.5166927599960629,0.060402756076783165,0.440687159958805,0.045357111845153696,0.37807113495364264,0.14341567002561095,0.18699735779024712
2020-09-02,0.5606409926761429,0.060138086431486895,0.40740289215568504,0.08645512081087722,0.44420191330003805,0.1353484649224923,0.18699735780372356
2020-09-03,0.5371495109363819,0.08023994767464326,0.3774679564665505,0.10516861998753484,0.3613930389005382,0.12727259388188533,0.1869973578172
2020-09-04,0.43456368425268227,0.16657161729348471,0.24089731650326837,0.3990937141223999,0.30624392226379493,0.11837757696332354,0.1863822883557663
2020-09-05,0.48823305143415574,0.1743944912220397,0.22708095948679055,0.4226002204893244,0.2738347217267871,0.11020458272239193,0.18361914906972177
2020-09-06,0.4508291761484098,0.1752322290029815,0.26762629030900614,0.3586760859411806,0.230449912854902,0.10248018236660612,0.18068167634228538
2020-09-07,0.45897890613726267,0.1767990879057633,0.2643388002982371,0.3569920059065306,0.26682227210188697,0.09484491303437613,0.17775469022791054
2020-09-08,0.4588710200862809,0.17676939208800424,0.26433825227311136,0.35708113279748566,0.23550683333096353,0.0883665594545197,0.1748382738013559
2020-09-09,0.46759533960388133,0.1738783427410469,0.2489035351506625,0.3935824028189761,0.2065017187431421,0.08218044528091638,0.17193250841577706
2020-09-10,0.46425192119198516,0.17294202153703064,0.24860535357982488,0.39680940007116766,0.23857611798900638,0.07655521161438357,0.16903747380069745
2020-09-11,0.4862516151389157,0.17491067840163518,0.23169701295245512,0.41310551955516206,0.29091807518258683,0.07099019867524814,0.16580367787267555
2020-09-12,0.4750863382048999,0.1720304654429454,0.23127422958515872,0.4217150637641456,0.2906801856427723,0.06612846549722685,0.16280208088368503
2020-09-13,0.48251408442334504,0.17288402216113316,0.22613632183190405,0.42557263806766055,0.3020409082769393,0.06228420828732653,0.159941534442905
2020-09-14,0.45445081033956314,0.16771299330831677,0.2341316671380108,0.42799762960443194,0.2567940439219286,0.06477089225156613,0.15709203364598748
2020-09-15,0.4861422115856,0.1779950164519316,0.24930444374354252,0.3904244628292694,0.306780470311159,0.0674338039435183,0.15425364989624393
2020-09-16,0.47518350894021516,0.17407579255768438,0.24313489128114316,0.40699807581425806,0.3393166358638759,0.07019412412056045,0.15142645298221152
2020-09-17,0.5274957981447562,0.16582116604953456,0.16979225584667973,0.5803431215267987,0.34121376922670354,0.07293950279874599,0.14861051109910453
2020-09-18,0.6198847126431237,0.05704101055165349,0.4264829406129895,0.15608283365524506,0.37139425492947886,0.07575941369100626,0.14672930851831334
2020-09-19,0.5903637266279332,0.04594411924199126,0.41192443297881587,0.18694246669553727,0.382625226919258,0.07858685653444,0.14668064180427615
2020-09-20,0.6283255753064474,0.027693509733662573,0.424239075422767,0.26556177950306475,0.420091675352941,0.08101988567549738,0.1466806418854257
2020-09-21,0.6080528251073715,0.034069697350747136,0.4624150891817311,0.17504148986190513,0.4289782476204831,0.08343136356009535,0.1466806420237895
2020-09-22,0.5599679749833913,0.06582761167931488,0.37086151332449163,0.2286934225785458,0.36524477289505414,0.08514784696759622,0.14668064217935722
2020-09-23,0.5909373407508784,0.05829396549138227,0.3064188681196227,0.3674154466364116,0.3435105120414907,0.0867618270779198,0.14668064233492492
2020-09-24,0.5589722543761987,0.06871726610668437,0.370522568967683,0.20948466940549956,0.2923677623254043,0.08833525419465837,0.14668064247242096
2020-09-25,0.5898981881260561,0.09128526994434938,0.47432772530589973,0.18427620941524156,0.4068702119284338,0.08982688385025334,0.14668064257950855
2020-09-26,0.5824976435946886,0.0917377241112516,0.48757948379089355,0.17881697597773213,0.4057042829156259,0.091657621812213,0.14668064268312395
2020-09-27,0.5827429904573331,0.09175723372574492,0.4871528784456906,0.17868543962834665,0.41345382108272627,0.09331537305006701,0.14668064276053472
2020-09-28,0.5963119462034918,0.08965161280654767,0.4643455514386325,0.19997981842155127,0.38743764351070753,0.09497937503304289,0.14668064278144902
2020-09-29,0.5633247223604954,0.08030728169954397,0.4878139474188103,0.26016512029410316,0.3497572594351804,0.09651885806102943,0.1466806427851594
2020-09-30,0.565854463267603,0.08107766083902095,0.484761893569586,0.25238436654583896,0.3400988974168824,0.09804847902264684,0.1466806427888698
2020-10-01,0.5470121303677432,0.07882349485226417,0.5163857073993344,0.27650605342623097,0.3423005485707906,0.09946708408373496,0.14668064279226053
2020-10-02,0.5354071906848032,0.08086226172017225,0.5349495137860681,0.255906121127636,0.31049058495302284,0.10788442956277136,0.14668064279453208
2020-10-03,0.5328467211391499,0.08093970918769978,0.5398550175301173,0.2558734492765367,0.3412880432468099,0.11641917351240495,0.14668064279667
2020-10-04,0.5190069288158882,0.07802211406684774,0.5647175653969112,0.2959408682060364,0.41040316933723225,0.1248123802946119,0.14668064279738774
2020-10-05,0.5419961021716738,0.07864575723223532,0.5249346825132195,0.2791226862676391,0.4213371251010019,0.13338820711950256,0.14668064279738774
2020-10-06,0.5920169064533665,0.053628176346685576,0.6410136449566736,0.3356016193344466,0.4725151406768255,0.14433270399966294,0.14668064279738774
2020-10-07,0.567425917641324,0.05737990243382738,0.6663834954567162,0.3280727559552892,0.43331515245539204,0.1531304851565867,0.14668064279941895
2020-10-08,0.5975307729893201,0.044742876707274906,0.7340689402539998,0.4093848186104904,0.4399483825895429,0.1640575031799052,0.14668064282301882
2020-10-09,0.5753790005889468,0.015490579917743087,0.5118111526094634,0.08353438374511261,0.500722847354872,0.1726745053274495,0.14668064286381596
2020-10-10,0.59028308509142,0.016975791922165,0.4704767304471079,0.07449308916245055,0.49527836852900436,0.1839240426003402,0.14668064307081494
2020-10-11,0.6050511895734431,0.024284615556215586,0.4796595467053069,0.05738875730173414,0.5238800173390576,0.195420075256983,0.14668064343926024
2020-10-12,0.6083233230901652,0.024546783310880105,0.469403413254246,0.056473157583202815,0.5105072210870509,0.2069064394237056,0.14668064382850876
2020-10-13,0.6264945910580909,0.024314552262199793,0.423189882378392,0.07571025372702438,0.5014761275708933,0.21844077994204222,0.1466806442246242
2020-10-14,0.6065873521828677,0.02644590368476078,0.4718201717939607,0.045689384248104654,0.47983894347765765,0.2299255547304559,0.14668064461870858
2020-10-15,0.6127408259374875,0.024561657698753712,0.45598091816545505,0.0640560866256619,0.4415132021561267,0.2414098588354872,0.1466806450038455
2020-10-16,0.6316359407071417,0.016512042202062618,0.4315197773969093,0.11520539229927411,0.45881428563143034,0.2536170443706118,0.14668064540057088
2020-10-17,0.6214201176043179,0.024136064988685597,0.41912986475276937,0.09346505930416464,0.4107015432768038,0.2645393372137848,0.14668064563220162
2020-10-18,0.6275153079902437,0.022929029561611764,0.3976584142767895,0.1170812801518494,0.42377065988572077,0.27527988202247256,0.14668064570238587
2020-10-19,0.6272662304767879,0.022860395916949022,0.3980032583174306,0.11743168463095842,0.4344230515583687,0.28593118675411794,0.14399111285589117
2020-10-20,0.635134406875089,0.026551263184810665,0.4068492467522895,0.10200820088476932,0.46248144022564175,0.29642993673931156,0.13735925267960206
2020-10-21,0.6622429866146233,0.015293310389840022,0.37439084498824454,0.17451540433255303,0.5147588525656608,0.3063758942039308,0.13075900988245556
2020-10-22,0.7209158871509117,0.07534643905652309,0.7746140118747866,0.5413422418850682,0.6021258952995825,0.31656997329413944,0.12422622029501201
2020-10-23,0.7149684764159856,0.07450943736931036,0.7911499590484457,0.5763977992651296,0.611554368834677,0.32673030935411695,0.11776162395267716
2020-10-24,0.7015001021675494,0.07719192627997817,0.795581139691933,0.5614173476116584,0.6108601033341553,0.3368670142920003,0.1113659096272349
2020-10-25,0.6949357443552445,0.07593635169634803,0.8155642001562511,0.6088318454254589,0.6021283382955758,0.34704961978099097,0.10503971241964982
2020-10-26,0.6827733920903634,0.07916309497294584,0.8105067020418374,0.5797981816542686,0.6034033670210719,0.35714377829410004,0.10128119944180508
2020-10-27,0.6725125273832228,0.07934786645275334,0.8288647148099372,0.6086463024983583,0.6186325300888982,0.36720409165044443,0.10108600300150342
2020-10-28,0.7194597109437049,0.0871499422517536,0.7479181638199851,0.3767039734904253,0.6412056534166252,0.37716417145006564,0.0984067771498397
2020-10-29,0.6954209813325657,0.10146997959115893,0.6742168364441544,0.3016820463026307,0.6422830265005067,0.38704393249662283,0.09428615030680422
2020-10-30,0.7013734966725488,0.10131059208261446,0.6647334344004626,0.29486998684259486,0.6494051908772165,0.39688057682316724,0.09018895310946834
2020-10-31,0.7231026285601478,0.09303663371528313,0.6765520807647899,0.34440277566092176,0.651205179863078,0.40670020978055005,0.08612344156435237
2020-11-01,0.7347943145410718,0.09225671388360027,0.6591095813082094,0.3366247816243827,0.6808603196000924,0.41641817699207295,0.08208974102125877
2020-11-02,0.7215399471605282,0.09534546549199265,0.6674939777722535,0.31975005551125535,0.6792124432907718,0.42621376334632527,0.07733499083547497
2020-11-03,0.689583265515391,0.10208636249606971,0.6806669536642745,0.3028188068555589,0.6837549544697529,0.4334406035797247,0.06597401070738222
2020-11-04,0.7056716568879792,0.10626199421342099,0.6487840184393406,0.241658850759829,0.7023734107241905,0.4409929961336776,0.053574920024299054
2020-11-05,0.6485582672521376,0.060845730173596804,0.5302996413892423,0.16499073081152787,0.7165920126065747,0.4489128574099649,0.0428175072048466
2020-11-06,0.7187012501768192,0.13348160489399047,0.7442835340197554,0.40378443787860024,0.78944898691762,0.45725229981042853,0.032337363123533844
2020-11-07,0.7194457713349754,0.13326463947131525,0.7443725314004315,0.404853966888768,0.7901515190072621,0.46578776885923784,0.022127195518722522
2020-11-08,0.6632183447008182,0.160948485272252,0.6515564454351733,0.31311431909891696,0.7324874555963463,0.47505123841887076,0.012186642665343863
2020-11-09,0.7080072491601028,0.1673956925033387,0.601036168221458,0.2383838810345142,0.7374137532020881,0.48485881730000296,0.0031395482560328545
2020-11-10,0.6976139121858855,0.16978356938152062,0.6077685734875757,0.22972385941357995,0.7558277842026081,0.49863987419102745,3.569515378371384e-06
2020-11-11,0.6561300921058664,0.16236083358503456,0.6567390062767974,0.30880393104464327,0.7385403513959911,0.5124723522985798,0.0
2020-11-12,0.7015889918430106,0.15435020350140302,0.6342243172836022,0.3244395987724156,0.774840495899831,0.5264248423299633,1.4933583364547614e-10
2020-11-13,0.7214420715001357,0.15849176374231794,0.6072363683008654,0.2772117912349287,0.8261087796543536,0.5317021524538295,2.9046288386016624e-10
2020-11-14,0.7154946436054223,0.159269387646737,0.6129892363150954,0.27529599775688957,0.800704415251712,0.5367639727861725,3.3734412050806725e-10
2020-11-15,0.6875454522421924,0.16375743857686662,0.6340652881783103,0.2651847949040935,0.7625448304585557,0.5419207350028011,3.5259082297104763e-10
2020-11-16,0.6851629826814696,0.16434727547123537,0.6352809315898706,0.2630112912655687,0.7686366899313735,0.546805998653399,4.6036324003086424e-10
2020-11-17,0.7400654168253458,0.16728412821837774,0.5848018197980961,0.21185794104543493,0.8236777644032124,0.548896481515178,5.848395737315786e-10
2020-11-18,0.7609327032443443,0.17654611869448988,0.5690383204588348,0.16288786140110284,0.8548766953872348,0.5535212581807791,7.09530631299595e-10
2020-11-19,0.7622224094053683,0.17639761195154544,0.5677528346144732,0.16316272398143827,0.8169595664776854,0.5543252524824142,8.356265876640292e-10
2020-11-20,0.681257394010925,0.12752229243692123,0.4889878510345689,0.12812781881840646,0.7628802722425354,0.5579008281549583,9.619762351615441e-10
2020-11-21,0.7232188910006705,0.1356427662977874,0.4552703112242495,0.10816020801132435,0.7596043343904567,0.5583416660207844,1.0879160531925173e-09
2020-11-22,0.7685092000072273,0.09964602317298914,0.557641950806886,0.017492654214142332,0.7597578885235522,0.5583865699623537,1.1990190366942442e-09
2020-11-23,0.7149360755736819,0.10046011495506237,0.597027355152692,0.052157022051934857,0.7420589437294676,0.5584718436255459,1.2175962671319425e-09
2020-11-24,0.7214533785434235,0.09777303156591527,0.5973793708435018,0.055896544218275404,0.6725867842222375,0.5581934531757443,1.219469580928743e-09
2020-11-25,0.7593408386140292,0.10119720620431291,0.5478948883282553,0.025029139444718688,0.6629760015651944,0.5577402911247675,1.2211282862598184e-09
2020-11-26,0.7198242671870784,0.11173719761902277,0.5680694793408195,0.028904529891930972,0.6301584077256932,0.5570554928935271,1.2214440249740455e-09
2020-11-27,0.606606199529925,0.18442227246109674,0.3588110503239383,0.3033569314787809,0.5096237864981501,0.5547882805162979,1.228579958412167e-09
2020-11-28,0.6029171787060694,0.18464765951655057,0.3632403789404684,0.29871349724744967,0.5596189347059916,0.5533856766637788,1.2404937864017003e-09
2020-11-29,0.6439916615609237,0.1870753381976791,0.3294383696906646,0.31892407818347224,0.6139098705747913,0.5517216245477128,1.3073755780688191e-09
2020-11-30,0.671838302335328,0.1876918020561311,0.3023205928863033,0.34369275863192655,0.636780198939591,0.5500577769859444,1.4556382539840927e-09
2020-12-01,0.6980573701151734,0.2067761513137204,0.364839301610912,0.29162263302673486,0.7173235532672659,0.548032314379664,1.6046148040536817e-09
2020-12-02,0.611173227710732,0.2083959259292337,0.40973229824082413,0.2332967759956604,0.7068251322087488,0.5449222477316292,1.7535914310576556e-09
2020-12-03,0.622623452494379,0.21016375316520938,0.40124715826803764,0.2294381110194036,0.7416237650061557,0.5414951204857291,1.902505972013291e-09
2020-12-04,0.6315641469958211,0.21039559743904515,0.39265124640314375,0.2330389046699543,0.7355579024689882,0.5380291653839256,2.044346627111951e-09
2020-12-05,0.5604771954266884,0.2082514793965754,0.4375057464161081,0.208849677816078,0.6041892998694244,0.5345400182462623,2.181409272257622e-09
2020-12-06,0.5808327398320303,0.21176236608427404,0.4226953861066281,0.19930754066000791,0.5472380924822428,0.5310348549087561,2.2635041460616694e-09
2020-12-07,0.6040343482380566,0.2099623903832595,0.3989673455163546,0.21943399968591387,0.6239876700454713,0.5276432626437804,2.2642180202159853e-09
2020-12-08,0.597673867668927,0.21066939869708512,0.4058461899166587,0.21238816093626167,0.6360914534066824,0.5242178189169403,2.2642180202159853e-09
2020-12-09,0.5229345176335398,0.2130436994911894,0.45459592781962,0.17667101662543563,0.4864202980515329,0.5207866331114358,2.264756753243854e-09
2020-12-10,0.5517691719637429,0.21235779567908614,0.42714018248206803,0.18900087697078974,0.5274522691742801,0.5170588672734062,2.2658810338725956e-09
2020-12-11,0.6208444365927334,0.15526699976200176,0.5420044515290066,0.16235652799818073,0.482971524122025,0.5133552607652567,2.267005276034145e-09
2020-12-12,0.6135785620995965,0.1566559204862698,0.5491058473665967,0.15681638542851645,0.4132998238915314,0.5096604461290171,2.2681296720644634e-09
2020-12-13,0.6212643629750548,0.16076933177280928,0.5465228711451158,0.14048808127780085,0.42069894852320394,0.5061060194850315,2.269253914226013e-09
2020-12-14,0.6157883685589897,0.15919338987614776,0.5523285987317321,0.14954884736986707,0.49489698370114993,0.5025063342490257,2.2703781948547546e-09
2020-12-15,0.5529420063420339,0.11371917374982315,0.4381755401089587,0.07890709805887669,0.5505538483085469,0.5000688331436809,2.2715025139506887e-09
2020-12-16,0.5983124111710362,0.09497553291626146,0.4074000625987261,0.1428358341750441,0.594583655084302,0.4977673601405658,2.2720880230843688e-09
2020-12-17,0.6621290698609554,0.16082869866270075,0.6525321766420082,0.31841993698675086,0.6251162758104395,0.4960931997220473,2.2720880230843688e-09
2020-12-18,0.710097619279145,0.1829700300552447,0.6120245517615837,0.185596512820836,0.6037868731686951,0.49462830843446665,2.2720880230843688e-09
2020-12-19,0.753675142085345,0.16651664943852387,0.6188560989816507,0.22604744958421177,0.6370611780709977,0.4932866783405299,2.2720880230843688e-09
2020-12-20,0.7592466693654439,0.16763159919666892,0.6114672008076119,0.21529349249111893,0.6773786566024375,0.4920564863442745,2.2720880230843688e-09
2020-12-21,0.7392204323038589,0.1729140339864538,0.6206124533284461,0.199731570386137,0.5941828636326631,0.49057264454561655,2.2720880230843688e-09
2020-12-22,0.7245690710156892,0.1798593910351458,0.6138453348396542,0.18028865707386357,0.6342499693539125,0.4861021600303697,2.2720880230843688e-09
2020-12-23,0.8045732756477252,0.15965949382003916,0.627338405799469,0.16195740405325634,0.7082611429025963,0.48171528820542037,2.2720880230843688e-09
2020-12-24,0.772016183891975,0.17236288295743984,0.6211734201456994,0.1391369380776134,0.6686857979471689,0.47743549568976473,2.2720880230843688e-09
2020-12-25,0.8035975730495334,0.16498262761975663,0.6051026351333706,0.14914854178689038,0.7160127307589935,0.47346594056586244,2.2720880230843688e-09
2020-12-26,0.846917429326942,0.1594891131975071,0.5713950083065812,0.14886247907766406,0.7965192103868834,0.46941605897267413,2.2720880230843688e-09
2020-12-27,0.8698711922134232,0.1706239258965023,0.5583677312573647,0.10639763096468581,0.875131294854753,0.4654503438571956,2.2720880230843688e-09
2020-12-28,0.8488428349125005,0.1762456679235242,0.5712713902942966,0.09413454450302114,0.8791941574288394,0.4608523021679752,2.2720880230843688e-09
2020-12-29,0.8723136097677937,0.17415310137293283,0.5478076782343452,0.09423215796658906,0.848083058706132,0.4563076142314221,2.2720880230843688e-09
2020-12-30,0.8756140156943337,0.17337836170378557,0.5451486967570484,0.09631333823081897,0.8132088076806487,0.4518645298666971,2.2720880230843688e-09
2020-12-31,0.8364996730301204,0.14141229153510862,0.47864494097261173,0.05935823347726393,0.8052041449458373,0.4483337732356469,2.2732263057711002e-09
2021-01-01,0.780826203652626,0.12551745011114604,0.4993562671519244,0.06978572655224675,0.820027319316702,0.44473735951981125,2.278982690292516e-09
2021-01-02,0.7797263421356674,0.12560844329244153,0.5009372648710669,0.06933875725528171,0.8123722194841,0.44111969721328553,2.299266633117254e-09
2021-01-03,0.8308857100466557,0.16279920083044555,0.5607840302241959,0.09914539059804392,0.860114433453725,0.4373060388537485,2.5030406602682473e-09
2021-01-04,0.8598985979667951,0.15340542191319695,0.5475682357251999,0.12258315178504152,0.9085714475348404,0.4334349161322819,2.770524359009447e-09
2021-01-05,0.8533481905336733,0.1592453353943312,0.5302523706083091,0.12657876606120402,0.858214182253014,0.42746631651174277,3.0463389745169192e-09
2021-01-06,0.866073550405792,0.16527718906514677,0.5250334950412497,0.1057120295258257,0.8696747065451139,0.42179210631356084,3.3229197026258222e-09
2021-01-07,0.9562113956467458,0.16304118065595066,0.502686624613496,0.0997806296318039,0.9237728149066423,0.4165492228480529,3.598362186515186e-09
2021-01-08,1.0,0.17189634455732689,0.46941434466011744,0.07937054355508326,0.9879896919664903,0.41354775821216483,3.869186607037058e-09
2021-01-09,0.9935641601781817,0.17196897551225326,0.4769338549715023,0.07791834927222538,0.9799697765928139,0.41065835605397033,4.1254833538540305e-09
2021-01-10,0.9241704555949402,0.17679643334196635,0.5217792741333487,0.06971396169426843,1.0,0.40784615566415233,4.198290131746325e-09
2021-01-11,0.8900086171029244,0.2027923622450486,0.48223737718925175,0.0779576434104781,0.9730650746006835,0.4051518253868589,4.2073870841796424e-09
2021-01-12,0.8017583769168937,0.24901623775075607,0.46399113304647355,0.07800859998350193,0.9194929533192637,0.40514949401636857,4.220185734525981e-09
2021-01-13,0.7535582861296412,0.2669809081315073,0.4856199664329165,0.04517084118593442,0.9052952335302922,0.40635242309399733,4.250032544416922e-09
2021-01-14,0.7901924982531852,0.28824558640636544,0.49461616963466226,0.03625203596789704,0.9015211994130503,0.4077175719531725,4.280035531108516e-09
2021-01-15,0.8293750630508393,0.29054938938332886,0.46705630750899774,0.03559312847506979,0.9003640966005595,0.40914448113784085,4.310337407884119e-09
2021-01-16,0.7611803739682652,0.32067971198505585,0.4822170101574502,0.01393503868527562,0.7864631408305931,0.410709773719607,4.341424438521331e-09
2021-01-17,0.6699011883091364,0.2981679463330374,0.5141844574543674,0.023107841316051283,0.7231070882776642,0.41228559289121214,4.373488035768933e-09
2021-01-18,0.646859013731699,0.29836586197172765,0.5311216547747873,0.02445124585057091,0.7019085537262699,0.4140812781146043,4.4099716288109815e-09
2021-01-19,0.6966124931936832,0.2915456251565601,0.500107459547619,0.03242693933901896,0.6943945197607725,0.41594108674460634,4.434988228769011e-09
2021-01-20,0.6314656451064625,0.2813070489627919,0.5392396424503645,0.05089188831217009,0.6685325765395734,0.41783548149763994,4.442190518113814e-09
2021-01-21,0.5559899276648266,0.25422969503071197,0.5706682457618686,0.09615687499281594,0.671737358717877,0.4200243887506643,4.449236553723579e-09
2021-01-22,0.36707569937160095,0.30977654595455245,0.4548805673081099,0.21294238200416035,0.549883332495867,0.422406126804564,4.456606290756373e-09
2021-01-23,0.3952149827480815,0.32629910753168073,0.4650188076782968,0.18112080987436166,0.6261146222081766,0.4249114482500375,4.464610582593004e-09
2021-01-24,0.3811231455420623,0.3270350284740321,0.47486258867474673,0.17698491835237837,0.5479294082303827,0.4274240066342786,4.471693008166665e-09
2021-01-25,0.42461191517885044,0.32451815425506947,0.4458834175516297,0.1917514179582473,0.4580855140569249,0.42991987936248494,4.4743553610114945e-09
2021-01-26,0.48706460801525464,0.30996416091338347,0.4065420647065132,0.2566989638056402,0.3786752001407102,0.43257252673683283,4.476809260141364e-09
2021-01-27,0.5328766588036237,0.30436817906969704,0.3719181374119895,0.30047618483675204,0.3940253075555811,0.43521292228417735,0.0001126978832577702
2021-01-28,0.3939516819114493,0.2739183139058498,0.34091743882960124,0.28399196833220763,0.34389326736020526,0.43743259673131174,0.013355536506384835
2021-01-29,0.42923674254519606,0.3032549272591843,0.4122060074084521,0.25219846859552336,0.40384763646807603,0.4395835965761517,0.036487522311019795
2021-01-30,0.5068860992372829,0.2931960715584973,0.3604543315632221,0.3272729032681147,0.3190339051682406,0.4433822679056497,0.0610218474064645
2021-01-31,0.5210651108751508,0.29288068537231354,0.3493367509559297,0.3372311622666345,0.33169841161400015,0.4472659464764532,0.08694916797347987
2021-02-01,0.4986067594703558,0.2962278332209401,0.3688957511324472,0.30740446836314034,0.27058717979385766,0.45146166257025283,0.11437291724225966
2021-02-02,0.4881305613004597,0.29374680910136486,0.37244856555741085,0.31417107653654036,0.20250791908757745,0.4557967079930319,0.14417387947689186
2021-02-03,0.5507801807151741,0.3096174808286,0.3611132514429141,0.2811936047250723,0.28814594264138965,0.460085053409481,0.17539970856571832
2021-02-04,0.6056263087986452,0.32125742976158655,0.34606833584200786,0.26555855904000186,0.3678233606404477,0.4642727473333264,0.18943678405283007
2021-02-05,0.7167370583110372,0.21298367178416502,0.5152252438780262,0.11052218402980665,0.32303123451254045,0.46833794166496845,0.19203340237136238
2021-02-06,0.6896677548403682,0.1997137423754794,0.520692181953043,0.14633433208325058,0.3237865402206546,0.47252411121106885,0.1947122375186348
2021-02-07,0.7369077267185904,0.1908881329920843,0.4849404523279626,0.18003272440974838,0.32815977487375425,0.4766796226349223,0.19746782998451629
2021-02-08,0.7249662163226764,0.19344621358675784,0.4959890248229877,0.1669990514317751,0.31472018470924784,0.4815066206030122,0.20053855059446765
2021-02-09,0.8772574298590291,0.3152683565031458,0.6773249618806084,0.3210946982308066,0.37191741682070084,0.4866563449865226,0.202577938287877
2021-02-10,0.8720322012161457,0.3162197051710394,0.6792922123495879,0.31984496118014644,0.4245555384495501,0.49178056790476193,0.20438400489682437
2021-02-11,0.8994667612615274,0.29555837250106176,0.7339032717195478,0.3601052789684031,0.41025944606188214,0.4970379260913582,0.20594194536585708
2021-02-12,0.8774268114127226,0.28439197955703843,0.7590164845758178,0.4382107129760951,0.4763358483612481,0.50230431091472,0.2225228862871924
2021-02-13,0.8484276794004021,0.2896011066715063,0.7664402713018603,0.43439005249777285,0.39203975120052637,0.5075717933527899,0.26006539415608987
2021-02-14,0.8427966405759661,0.291006825569818,0.7666262794713018,0.4312740727395784,0.3492840026540566,0.5131157629917419,0.29872278303854277
2021-02-15,0.899262703726942,0.2763963324075377,0.7727146435022818,0.46077139229241165,0.4439361700102572,0.5186764905448883,0.33712214918957617
2021-02-16,0.877409275780526,0.2826967506735772,0.7696391352175551,0.442733161597894,0.46709720552170597,0.5266036684159169,0.3752048866938871
2021-02-17,0.8508435197703248,0.2776426761333438,0.8001272109045781,0.5088916819280563,0.4953808572946345,0.5343970254381694,0.4129859177193737
2021-02-18,0.855067623006873,0.2791459445688903,0.7942748720435234,0.49308651338838944,0.538989690651817,0.5419481378718958,0.45037500686339527
2021-02-19,0.8624798015177737,0.2762166809580959,0.7992971703182893,0.5046787184090106,0.5167653657251541,0.5485861272984224,0.4701343119550136
2021-02-20,0.9032386231095854,0.28877612517042056,0.7497923018651901,0.38186443180175345,0.606722671026941,0.5550430544022706,0.46664937321950595
2021-02-21,0.8822852626224257,0.291537634427843,0.7586591500196513,0.3861965240276817,0.6606788104704856,0.5613853172421388,0.4624252517192839
2021-02-22,0.9140751948034569,0.2858809880478222,0.7501350509428703,0.3877064702555982,0.6903123545242961,0.5675767110111141,0.45886747745508344
2021-02-23,0.7115192968790953,0.18678555291976748,0.5287953129541437,0.09566374309167487,0.6234494550404572,0.5710674046138597,0.4561613263823749
2021-02-24,0.6140168696182638,0.2614707079457761,0.41415559308717187,0.17519672782766463,0.5790291865503251,0.5741540108019307,0.4541190999939037
2021-02-25,0.6559677111496574,0.25352813029951,0.37776826792287654,0.22541776206856357,0.5836747018745833,0.5770279937226321,0.4525966597982827
2021-02-26,0.5541559658238024,0.2514356018577853,0.41829150976181384,0.18277098203838385,0.556861659294721,0.5799155707480935,0.4510766864987002
2021-02-27,0.5460437415061187,0.25265383565745986,0.425703275312299,0.17490850742426348,0.5851322876457635,0.5826905491619474,0.4463931765966496
2021-02-28,0.5475982786104185,0.25261247309157514,0.4243337807262561,0.17561905522944288,0.4895721377412562,0.5854262006115372,0.4161025719989724
2021-03-01,0.4955686113890854,0.24883606859912666,0.46029610401197707,0.17478519993439368,0.5094481620007479,0.5879362444487661,0.3811639620382497
2021-03-02,0.5886550667630005,0.2910624493009739,0.4800029131199395,0.13452915750059624,0.5720933074758522,0.5904164185434043,0.34649495121639157
2021-03-03,0.5404612643305111,0.29117654714218816,0.5136225747888324,0.13292759391983344,0.583780124363357,0.5928921890633626,0.31226689491359827
2021-03-04,0.5252445871714003,0.28277370362739923,0.5136145054556301,0.1501864903468843,0.5974078686217055,0.5954168617961662,0.2786423970245584
2021-03-05,0.5006782171370207,0.28756328339927095,0.5290492925344674,0.13712732089544674,0.4947355377169718,0.5977285495066692,0.24664620750651364
2021-03-06,0.44090178801954466,0.253693977227092,0.5232238036787626,0.2029923696145293,0.45648203363191986,0.6001641446621422,0.22485030866286057
2021-03-07,0.44192630617029643,0.25384169640648935,0.5223788166555241,0.20226259715092204,0.4647004302234934,0.6025818596341709,0.2282442915235803
2021-03-08,0.46144736358329436,0.26449033480588846,0.5212921303146365,0.17164595197581078,0.4656221062052306,0.6049702797418772,0.23600129700601516
2021-03-09,0.531835595234743,0.25708648537247397,0.47787487987961563,0.1959069025466355,0.5134775551979335,0.6073704699270994,0.2438128103002217
2021-03-10,0.6649553281171259,0.19910681710600134,0.5732486016126005,0.1261694115713256,0.5816747817069278,0.6098082040975895,0.25167704438314586
2021-03-11,0.6704965654608954,0.19970185570348484,0.5672461078257054,0.12175930633362446,0.5236044166085637,0.6122096791772519,0.25959215695208104
2021-03-12,0.7465707055042479,0.17605657356750676,0.5685596348358495,0.1290289387686593,0.5664051261472458,0.6146507859334444,0.26665852790574723
2021-03-13,0.7554297633135154,0.17209248500893135,0.5688461050288975,0.13947531268510785,0.5560719646221112,0.6147836540618401,0.26776117052438775
2021-03-14,0.8179365224581068,0.18597287116420294,0.5259611421227772,0.09221914483588779,0.5763596360423174,0.6148626056758845,0.26776117052438775
2021-03-15,0.8154517835039664,0.1877501803217924,0.5233997796435469,0.09111154035093777,0.5295215970983232,0.6148784396344001,0.26776117052438775
2021-03-16,0.6842577380259579,0.18203864727035945,0.464097407688546,0.06411440644303938,0.4645297719076919,0.6146709927902785,0.26776117052438775
2021-03-17,0.7233624431661156,0.17204079609704473,0.4280513918790073,0.10462383610299711,0.49728590337811274,0.6145514267676938,0.26776117052438775
2021-03-18,0.7133601280772459,0.16829835414603492,0.43032586079999324,0.11317133257246591,0.48279733300890354,0.6144279167875881,0.26776117052466347
2021-03-19,0.7273249176868047,0.15887899853198334,0.4309503710650028,0.13588611894214334,0.43164077916811866,0.6143261548259749,0.26776117052624154
2021-03-20,0.7242763262585927,0.15910719533449108,0.4348767135001964,0.1333521454946948,0.4055130555875209,0.6141860295569901,0.2677611705281224
2021-03-21,0.7235509905171912,0.15923036949953576,0.43580254284376885,0.1324323906098389,0.467176510798827,0.614024548401494,0.26776117053129367
2021-03-22,0.6693353835595435,0.1513379210112878,0.47237264824414216,0.14072406399571097,0.36103530403920725,0.6137543265206452,0.26776117053478293
2021-03-23,0.5985046708875046,0.17523910869141546,0.48970809757114087,0.10169381845268353,0.2907825764359144,0.6130780743604315,0.26776117053827225
2021-03-24,0.5676599761117448,0.1631832306041757,0.5024986391224828,0.13842377678454368,0.2907487304931913,0.6122856960760442,0.26776117054189785
2021-03-25,0.5219250539791763,0.16700095311637556,0.544134516114675,0.12962467655502535,0.3060756486870772,0.611481022120516,0.2677611705465381
2021-03-26,0.47780646147930295,0.15699916043481438,0.586542002057523,0.18684082427988494,0.3052721495915612,0.6106732391535532,0.26776117055019394
2021-03-27,0.5458672634929084,0.19302269042521983,0.5787232966561704,0.11600940251117214,0.3966845481060141,0.6098576116155734,0.28316862720172065
2021-03-28,0.5000159156048599,0.16108207478626504,0.5615986805699603,0.16007097177141286,0.47987076902535675,0.6090729419094026,0.31574927584006396
2021-03-29,0.5254734326155439,0.15644459415431844,0.5387624486408186,0.1764146649081379,0.43965669419731773,0.6082580405380074,0.34887884336844516
2021-03-30,0.6043048059679356,0.14019800417223133,0.5305130657047513,0.18854787466801723,0.5107557616717728,0.6074610369469626,0.38240965012005274
2021-03-31,0.6055201769489273,0.14051256746087284,0.5291195975261762,0.18636997091917082,0.5559547019967045,0.6069684567974211,0.41618656154818184
2021-04-01,0.5781294324462172,0.1340691348093554,0.5601821153754424,0.23452877870168423,0.5102996608232618,0.606332501512183,0.45004980644551223
2021-04-02,0.5965664317786754,0.12976143230334417,0.5434880752001005,0.2606177079107385,0.4608488047408331,0.6056768197591582,0.4838379746279569
2021-04-03,0.5939265815675708,0.1296165376620487,0.5473316506048422,0.2626879864096693,0.44604856381343777,0.6047942896899061,0.5013660676325998
2021-04-04,0.5646014240890319,0.138199389294991,0.5645447111581399,0.21689526966432776,0.42876070582594017,0.6038192568985324,0.5013660698211903
2021-04-05,0.5917355057176944,0.13960642746475524,0.5302331324352493,0.19932016209770276,0.45304573849774604,0.6027946021627918,0.5013660712832694
2021-04-06,0.6484854831631696,0.10853969477586413,0.6031753491825931,0.2538744015592095,0.4354203353158727,0.6022004624268745,0.5013660713278486
2021-04-07,0.6245151996076195,0.1140704621513802,0.6199010225484964,0.23084990636123448,0.3459189533604761,0.6017290859614295,0.5013660713410139
2021-04-08,0.6242575431249985,0.1142745921627123,0.619010949846759,0.23039306233827983,0.22137005009213154,0.6013132072472489,0.5013663655149171
2021-04-09,0.6705510405954173,0.1172660680806341,0.5681246701132002,0.18077222476385693,0.24366659391163695,0.6008899325694927,0.5015320921121036
2021-04-10,0.6111985736239703,0.07756358780930817,0.451306397383096,0.11062611907858112,0.28135887494506406,0.599649302474674,0.5027047393099547
2021-04-11,0.6205870198052998,0.08182287574645218,0.45132815596425996,0.0950952200597409,0.26709452351151663,0.5983700590350881,0.5102599060425719
2021-04-12,0.6251486141050456,0.08148614604995488,0.44228710921594916,0.09997736492198979,0.30029800459109496,0.5970753236784077,0.5042474196167706
2021-04-13,0.5946474924680188,0.07161631680119582,0.4536815798775722,0.12315471880180248,0.2645098929472277,0.5957399638633983,0.4792420542492676
2021-04-14,0.630655244421435,0.10282638978451505,0.5702534136368671,0.17267776566448717,0.42825501623877643,0.594448514675709,0.4540595276142188
2021-04-15,0.6175315981936363,0.10658740991616077,0.580114224117171,0.1557443866174062,0.49250622576798075,0.5930405363404851,0.4288243703474112
2021-04-16,0.6200753709199767,0.106423500836958,0.5762327754569007,0.15533922701497663,0.4964720073722676,0.5916108933903417,0.4034371574885003
2021-04-17,0.5936621233905134,0.1146871262469622,0.5875050201778389,0.13034887376033144,0.41292160617065043,0.5900667439759082,0.37712474995065776
2021-04-18,0.6027254268715732,0.10917237414470149,0.6006532133369481,0.14202497084688198,0.38182117725121645,0.5884987071432409,0.34462762551338005
2021-04-19,0.5261696726984173,0.14517834850436628,0.5085874914420547,0.18425120372729115,0.33733842713769213,0.5853164677705789,0.3221217124974835
2021-04-20,0.5092809319043752,0.14417407679116404,0.5302269985997483,0.1924470974112626,0.33197892678546875,0.5820454801507714,0.3148507420222793
2021-04-21,0.5367090270576456,0.14435250041377287,0.4969398038677339,0.18948256264895505,0.3667215301748146,0.5787618127084776,0.32296037125020277
2021-04-22,0.5240931473827345,0.1525989632589718,0.49003403968281883,0.1631874753496755,0.3381057909454215,0.5755591330190161,0.3483625391217179
2021-04-23,0.45894260147983545,0.1468941035777708,0.532935913628004,0.1846313155114826,0.30798451164569235,0.5723144057758355,0.3757670003162183
2021-04-24,0.4460362832098587,0.14621759801023326,0.5498064373914753,0.1922458930416888,0.3394230649152465,0.5701056699144914,0.40914392530602733
2021-04-25,0.40295448020594915,0.13557565138293967,0.593671787212693,0.2729028695309574,0.31703037364142306,0.5672087205266945,0.44371656284518163
2021-04-26,0.3801468011347937,0.1331966995482273,0.6262260067347818,0.31072735798282625,0.21415288928840062,0.5643828187891137,0.4864259765804613
2021-04-27,0.46423284393530917,0.20935866027143288,0.6997876812070281,0.2820050159820644,0.26512995450827725,0.5616112258043048,0.5339150665912785
2021-04-28,0.42777712968744525,0.18466620837719042,0.7362960918406626,0.4423004401040686,0.3457931170074875,0.5585321882465584,0.5659583646957878
2021-04-29,0.4374241201174935,0.1847618092002805,0.7254336837364737,0.42892887288826825,0.3188577062609169,0.5553892301850848,0.6005444081144649
2021-04-30,0.414222020280675,0.1844199456158764,0.750979379465343,0.4631363167907828,0.23059365042787058,0.552083933547794,0.6456563038474057
2021-05-01,0.5035675768529331,0.2249801351592356,0.677402111884819,0.22469410451868585,0.3212651168580102,0.5487416472421184,0.683838740025264
2021-05-02,0.5231767108369123,0.22362124156783728,0.6619280126225934,0.21564937863492656,0.32521893810049557,0.5454078046433097,0.719458409337357
2021-05-03,0.5637386722714198,0.20047042669579399,0.7195576347018303,0.25529441032243205,0.28345221002533855,0.5421345547176075,0.7498713770148122
2021-05-04,0.5822947902226713,0.20041955080096496,0.7008832294658403,0.23514738436264543,0.3645788017072808,0.5388550766192693,0.7781914115155097
2021-05-05,0.510245262686039,0.22607839976255162,0.6657653460215229,0.2175176430780913,0.2800708119199446,0.535592906164083,0.8077255858258361
2021-05-06,0.6167426461795741,0.2433355521684793,0.6144314627290732,0.1251159121821983,0.30909890103228016,0.5323791467362031,0.822996994091089
2021-05-07,0.6366168814933474,0.23574364915377863,0.6144933586916843,0.1368227459346389,0.3616022785549768,0.5291148972665269,0.8279234464249131
2021-05-08,0.6627256502508181,0.2339732662652541,0.5937130975088275,0.1308542128821676,0.4214574061400604,0.5258840792310873,0.8327113249480054
2021-05-09,0.703118691026898,0.22952809253044387,0.5648806763659453,0.13105016660256463,0.4010818918049926,0.5226237519944564,0.8305841936219108
2021-05-10,0.7111639045516115,0.2266549194069918,0.5625198703046382,0.13798179888514725,0.3042757922141407,0.5194046996936023,0.8123469246562216
2021-05-11,0.5904951043424146,0.1971754401066071,0.5630328373065708,0.162954185308331,0.27920320490815037,0.5162299780394239,0.7920591907036706
2021-05-12,0.5891179662279304,0.19688680433138325,0.5644684435489435,0.16472440300832686,0.28047665325678856,0.5127539085126522,0.768607461535723
2021-05-13,0.49204773715788663,0.2664282617261372,0.45022513594347263,0.1853713690236405,0.1827321379854105,0.5085652833639016,0.7509255369338552
2021-05-14,0.5156439509634488,0.26509013158168027,0.4306200926323093,0.19708335528512197,0.1051421338570714,0.5043088199922888,0.735661879716854
2021-05-15,0.45335589229441337,0.2311406441229644,0.38718033824122206,0.2607580452662919,0.13061630343912853,0.5003872613612246,0.7201277175403392
2021-05-16,0.3967138329577202,0.24442576827093543,0.4324586840395289,0.18417211036255116,0.09094443748031529,0.49663486835203996,0.7128877288086016
2021-05-17,0.40868512520472405,0.2441969999569826,0.42176071016961175,0.18933111028029503,0.09817560126826383,0.49319112109507185,0.725081712171528
2021-05-18,0.3427381345528285,0.25277928127692534,0.4682574033982249,0.14587873200288462,0.1326426796757179,0.4904331971223121,0.7507535308294362
2021-05-19,0.3906701635053094,0.23802698708087644,0.4373940660023774,0.20461149492460193,0.10683348303914202,0.4878788653910466,0.7881735702346594
2021-05-20,0.1935726930871561,0.27459637699805406,0.3165890923314003,0.20210292120324194,0.10933694865258302,0.4856059474547048,0.8174838009013117
2021-05-21,0.29232531568915104,0.33949842697380395,0.44109917383105035,0.18983435995077882,0.1286759072015916,0.48343207998590854,0.8476616289574321
2021-05-22,0.2028216956479209,0.3466256858638239,0.4874627260089684,0.16077230214868574,0.15498968505100186,0.48210877101541516,0.8766972043269027
2021-05-23,0.1897707899570657,0.34125419072194674,0.4904301026298495,0.17332739887962126,0.19280034622345307,0.48090774982026413,0.9034449167983077
2021-05-24,0.13603240159866048,0.3461576505904254,0.5220474173601238,0.16018557598721972,0.1712946833427451,0.4797246981212581,0.926058830195577
2021-05-25,0.2672390205510862,0.41156787514354254,0.5335410930390327,0.11601321951064639,0.2082186552886907,0.4786412596885459,0.9379633069052383
2021-05-26,0.23819155886383908,0.4060102794277793,0.5491221076882264,0.13100277729691925,0.20328693186244104,0.4775401684591482,0.9409027290506926
2021-05-27,0.3584967919410847,0.3822755812897063,0.5160868724202065,0.15483885805003664,0.16289569378930588,0.4764934638212946,0.9424647590197412
2021-05-28,0.33772906404949943,0.38072975363201783,0.5285471285624108,0.16020873387164966,0.11203578365468977,0.475491969299149,0.9405262187152857
2021-05-29,0.26567459650656206,0.3894822782264954,0.5618669812428184,0.14960701756806943,0.07455904618408257,0.47438651490460315,0.9377245558440879
2021-05-30,0.2937779139841928,0.38411008071745945,0.549322009761263,0.1585066721455838,0.09021380126326208,0.4733365274111303,0.9370876013195427
2021-05-31,0.32593757808927404,0.3921153256220222,0.5326267934165574,0.13616362662479464,0.02543172173966466,0.47394268021321906,0.9396967453912131
2021-06-01,0.42155282642270187,0.39658811526175225,0.48832000701945333,0.1260654289646586,0.09910863759672335,0.4744869948677723,0.9445258578654404
2021-06-02,0.419783441364872,0.3966460588945706,0.48936243161393544,0.12585001309823426,0.07075441088476021,0.4750342659603742,0.9538039133692603
2021-06-03,0.5742925104378201,0.32081709192175356,0.5421365307165825,0.09977602549670224,0.13723386347217,0.47550748969848444,0.9633534720669202
2021-06-04,0.524932151663,0.28651874096889157,0.5229634560446432,0.12511106483508344,0.21806927743302196,0.47594007627217044,0.9724331052638194
2021-06-05,0.5463665049216467,0.2702938595520965,0.5443792611399877,0.1337170375005438,0.11085483747253937,0.4759562061316556,0.9810527490093282
2021-06-06,0.506400844376766,0.27496064571634027,0.5706770713669805,0.12874315045684245,0.09202936204845719,0.4765698905148405,0.9875158312616725
2021-06-07,0.5767157784781656,0.25012425689421697,0.5658298503087646,0.1620905504581042,0.029914043152387087,0.4771786175600472,0.9925752066414143
2021-06-08,0.4237682141570955,0.20342205551313372,0.4764991071486122,0.04640418115800315,0.0025211205118125983,0.47789545093177904,0.9967472957223898
2021-06-09,0.43404335755007245,0.2034180213513457,0.4660257242355433,0.04816421932853369,0.014388965073669303,0.47882943518564947,0.9975065862319505
2021-06-10,0.5129694582796328,0.2741669792747473,0.5919680146050398,0.16080193834686243,0.0997504290415963,0.4798659736065892,0.9979318730162934
2021-06-11,0.5181529660221398,0.2734205754322434,0.5886773342239858,0.16160932045127133,0.0360903758169265,0.4810923398933576,0.9983559089397648
2021-06-12,0.5978592164834331,0.24502574409126676,0.5948695330844243,0.19612052649877873,0.10754192544620932,0.4824056793161902,0.9987786967610432
2021-06-13,0.5809146423558963,0.2534478107027828,0.589473428409629,0.17698669943081918,0.08836219443271943,0.4837268210102495,0.999200239254356
2021-06-14,0.6373013899678891,0.28852122435057714,0.5844303262653603,0.11363516211489423,0.13405178384476138,0.4851212365542714,0.9996205391094393
2021-06-15,0.6296473118845467,0.2857522495346439,0.5896919696302987,0.12302125566688389,0.2175792517116655,0.48659027418687784,0.9999513943468308
2021-06-16,0.6378629369788362,0.2842234635823178,0.5851914418401986,0.1247818341535183,0.24688321991556614,0.4881531513794021,1.0
2021-06-17,0.5737639296005981,0.2938546566213935,0.6146717433707414,0.1261419757766378,0.1984547671524194,0.48971847955335895,0.9998304871844397
2021-06-18,0.5316006207099156,0.28610842836438594,0.6497051779725906,0.1703826658283926,0.23525163836100182,0.4916201687792577,0.9996607714867659
2021-06-19,0.5269383084637379,0.28905697129940133,0.6446184347036422,0.16736400575503918,0.19455171348926362,0.49348760994348245,0.9994908527125552
2021-06-20,0.5538700675193602,0.2836411114251907,0.6336519043332005,0.1709436013585437,0.1744926329300155,0.49535986372858193,0.9993207306382124
2021-06-21,0.5518245774630254,0.283505123420638,0.6353886072014309,0.17252161557309234,0.18377257348240217,0.49724629537838555,0.9991219771045616
2021-06-22,0.5080006334232262,0.3226816250214207,0.547826477059034,0.18213311396519327,0.11871341127441178,0.4991210036902918,0.9987329142064889
2021-06-23,0.5317104144050215,0.32532931188078673,0.5314798385417764,0.17048167434634784,0.1448175745601443,0.5010392762342197,0.9983975276976444
2021-06-24,0.4639205594520437,0.2718505308850135,0.46261013359653574,0.19989109054742774,0.12653621601456233,0.5038550447980992,0.9982153825147688
2021-06-25,0.4996252261917364,0.2767320568843777,0.4395984892670451,0.18920780690729694,0.15955707137024108,0.5067635281105184,0.9982879379029512
2021-06-26,0.41013230847303767,0.30318565300107414,0.47637292377351376,0.12280167048885655,0.11423157151247458,0.5095239440932248,0.9982348601547422
2021-06-27,0.4629360368011858,0.2980366101246221,0.44035738358023246,0.1457511268886386,0.15881564116978422,0.5122605885808552,0.9979536193319319
2021-06-28,0.44310918265550364,0.2794808913248841,0.3953129669476334,0.13012466735418238,0.21823488920022538,0.5147570177856394,0.9973798578620586
2021-06-29,0.4045435480807771,0.2688317185109225,0.4062652910519363,0.14344854924423894,0.2523355536794848,0.5164214573877738,0.9970920410950159
2021-06-30,0.4448642942051536,0.28046919042360896,0.3962315429475829,0.12876909174071682,0.2782626301069735,0.5179210892011131,0.9968555619657643
2021-07-01,0.4653926292268717,0.27452795574352745,0.3786719358182313,0.15620809985756787,0.20323917426207838,0.5190887755841346,0.9964363666875404
2021-07-02,0.43448691812015416,0.27961005078682055,0.40518008896015123,0.12619184128384878,0.14488396722747407,0.5201139349702288,0.9955823402236581
2021-07-03,0.5015931692522552,0.26467691915063357,0.35387223868277773,0.20143496652466833,0.13129929081337266,0.5211120136656247,0.9948211174693397
2021-07-04,0.52946791983859,0.26894485868863566,0.33977230459394664,0.20278880622651155,0.1554819389816755,0.5220309957149679,0.9942906630669598
2021-07-05,0.5415509176953125,0.2707225685252723,0.33343554149353993,0.20393420247060154,0.25604404745302284,0.5229327473957375,0.9940869781838665
2021-07-06,0.60634132711134,0.20667298000425896,0.39056879905367375,0.17491661631290725,0.20723797681187406,0.5237546495806465,0.9938773714854287
2021-07-07,0.5978317827910518,0.20506605666124264,0.39608227698028003,0.17747063027946505,0.22016172196198533,0.5245483318507937,0.9935799240993397
2021-07-08,0.5574515980828956,0.1992105002155054,0.42352243807217055,0.18257588687630588,0.26999626246913844,0.5253230526171982,0.9931438928044117
2021-07-09,0.5077382203680222,0.19881005834523352,0.46586114459408895,0.16851810453686836,0.23709020191913172,0.5260759273706349,0.9928759288512653
2021-07-10,0.6113717843605582,0.15228122975627842,0.5378836797340177,0.11488661938979357,0.24217004484431126,0.5267936052389705,0.992661096337849
2021-07-11,0.5948369933927958,0.15303434129147464,0.5577403096356568,0.11611763284564804,0.24500818710013783,0.5274558846928059,0.9924693019694627
2021-07-12,0.5522222928164359,0.11704254943004276,0.46376923168477907,0.04568807977470901,0.32509219857523686,0.5282920322133562,0.9921725970200341
2021-07-13,0.5323538324111367,0.1239768524916872,0.4828987152898513,0.02331268979011581,0.28266775343707107,0.5291191574376016,0.9917418227659268
2021-07-14,0.48484515325064514,0.10835062260982167,0.49914972632535587,0.023374746880497583,0.16305955885741738,0.5299211940770531,0.9913800882548076
2021-07-15,0.5072725478253268,0.10541261468904432,0.46679852158442015,0.037121477448971506,0.14566747840523778,0.530709383875924,0.9894288885193584
2021-07-16,0.5119506540185002,0.10173854604887278,0.47336041692561875,0.034104054730030746,0.10129688495772561,0.5314782928206182,0.9793470637255046
2021-07-17,0.48987618472892713,0.10051177906293633,0.5066029950666894,0.03604363400703253,0.10363584075694221,0.5321806977531357,0.9676171366512761
2021-07-18,0.4721523966647723,0.091164209401926,0.506368696719036,0.0525449986959336,0.16500343647809196,0.5328692855437966,0.9550652565785738
2021-07-19,0.4637529565997031,0.08681630741889976,0.5075719170377501,0.0646080803316449,0.2154797692723675,0.5333417340712507,0.9418154616294816
2021-07-20,0.47609466286432245,0.07743418895389452,0.5358306388634728,0.057719341792301815,0.1839594427149929,0.5338536216760476,0.9278986432990849
2021-07-21,0.43443467428457394,0.08044172595049012,0.5760998659881916,0.07427611579038823,0.16459471481916646,0.5343712980715282,0.9131273164126079
2021-07-22,0.5111881985073309,0.14488673863351503,0.6967627206072168,0.27251521197656,0.29139604768641264,0.5348740322189535,0.9002312019412336
2021-07-23,0.5426008320338834,0.1395933576025532,0.6784556409456858,0.27174425904632227,0.3267728435433607,0.5353761634183305,0.8989721117215762
2021-07-24,0.5488395975846565,0.1434729271182992,0.6712230941199426,0.24405785638423874,0.3849378506261487,0.5358932836511876,0.8990529208960077
2021-07-25,0.5715839455817251,0.14523403281684616,0.6394326042088632,0.2083180069219144,0.3758965019412205,0.5364374629196308,0.8991233279004601
2021-07-26,0.5765828854275172,0.14733200874605978,0.6327466302692034,0.19232364787362446,0.5051834879675229,0.5369873751510629,0.8990291871798296
2021-07-27,0.6497634105372824,0.15647747422574954,0.5849134475926433,0.12278622658341762,0.4822355304559989,0.5455678777531956,0.8973624697941034
2021-07-28,0.7093099232469112,0.1651291902390309,0.5362881441155932,0.08186798070400936,0.5161025808053096,0.554111994279651,0.8950535249029093
2021-07-29,0.72030134175278,0.16428613947846138,0.5237494029486878,0.08340413412253526,0.48171890918973786,0.5625169933368295,0.8924002475807007
2021-07-30,0.7525538710645898,0.14657835977149813,0.5364716571942815,0.10969720228641154,0.5023500377838525,0.5706133165512027,0.8896617273370087
2021-07-31,0.8103783253343634,0.1465640192337343,0.4896353356454359,0.10602149914629394,0.5819057665882501,0.5786160042776817,0.8868979438189915
2021-08-01,0.7938865454882365,0.15316249527156442,0.49938863268733846,0.08339719125896006,0.6186116466732439,0.586593064574255,0.884108819380469
2021-08-02,0.7570647449098702,0.17102005569986767,0.5024549299375112,0.055428899347447755,0.5292136820246787,0.5944785054114189,0.8814692396562802
2021-08-03,0.7682275090700416,0.16392492394216857,0.5080462101949288,0.061705882545801206,0.4436274037151168,0.6023598911793127,0.8804792289734573
2021-08-04,0.7774150603265882,0.1568099488668217,0.5213752569170683,0.058724429761168435,0.3809294595567812,0.6102113605813446,0.880136850275747
2021-08-05,0.7452646775695237,0.1330592778084815,0.4775859819063172,0.03806973857120388,0.45053709540403153,0.618712278249608,0.880096546063593
2021-08-06,0.7636247643937182,0.13321528301708568,0.45296918920263446,0.04259827166887403,0.410778079220089,0.627203588684972,0.8800955124719975
2021-08-07,0.7719941151240072,0.13707387509042582,0.4530460540165835,0.03739580364185343,0.4799332284083681,0.6362345018002197,0.8797614302419329
2021-08-08,0.7929679378501998,0.1413478352153828,0.43403662284859273,0.03354201867077464,0.5798183692841808,0.6452393022124695,0.879164874168366
2021-08-09,0.7520068655109347,0.15057707002086163,0.4748204755383631,0.0052922214206942994,0.4964714728690863,0.6539752175447929,0.8785671943301584
2021-08-10,0.7543562779355272,0.15214718716363052,0.4770925125436787,0.0061616237917513075,0.5407430135921358,0.6628667840340237,0.8779683901518452
2021-08-11,0.6954494586053197,0.14650745547919605,0.5210688273805771,0.006698024699448346,0.45215866130989424,0.6718014363272024,0.8773684610775507
2021-08-12,0.684991546599594,0.14695762152953978,0.5343915463275815,0.007126122191090517,0.5405311479683617,0.6807646296721711,0.8767674064781711
2021-08-13,0.6643129695045872,0.15443323859186753,0.5438767315059052,0.0,0.5449504837427899,0.689718135316179,0.8761662730729565
2021-08-14,0.6844288961871917,0.17178500226617727,0.5703903821647577,0.032025522366605996,0.6374831012971657,0.6986699037372138,0.8759014643667944
2021-08-15,0.6823134757029011,0.1725793450257309,0.5709531526137489,0.031175913589287375,0.6705779415044644,0.7075649941885372,0.8759014644962567
2021-08-16,0.710604331693432,0.15982500798359692,0.5754348832353303,0.037068251551669665,0.7040485926046165,0.716767476934857,0.8759014646245987
2021-08-17,0.7046874063485462,0.16296801121245164,0.5725284040721802,0.03537244620893522,0.5867769957150636,0.7259991194994868,0.8759014647268358
2021-08-18,0.7005157026959324,0.16556355321502111,0.5684434141025096,0.03539262037812208,0.5934713416368554,0.7352731859194815,0.8759014647599906
2021-08-19,0.6683226828947223,0.15963784312819426,0.6058672492488363,0.06826850389584384,0.6784904175259746,0.7445722597931879,0.875901464765309
2021-08-20,0.6823601404844846,0.16543232192943422,0.5915903875188236,0.046037585196977135,0.7140197132260456,0.7539694424493447,0.8758936095603786
2021-08-21,0.6875419301111172,0.16867490666805074,0.5899857989632634,0.0407962972994327,0.7223949239688737,0.7642227392893134,0.8756814479586229
2021-08-22,0.6447233560572903,0.16304308966648434,0.6376971210631952,0.08420276262754531,0.6704059096647825,0.774128374819342,0.8753794830491131
2021-08-23,0.6692604955864209,0.15790291840691262,0.6229560189102517,0.08259724794155288,0.6344970798854528,0.7839690150997861,0.8750772362778454
2021-08-24,0.6246853819140163,0.13967913041545563,0.6729339633480494,0.17378859878963832,0.5512472150630308,0.7938065317831818,0.8747747075743381
2021-08-25,0.6047504082176417,0.15041768542806608,0.6466197199436694,0.15500594211035265,0.41118274584508946,0.8037813223927694,0.8744718969658143
2021-08-26,0.6258345320510204,0.15391462252144103,0.6170349828230857,0.12019458709256138,0.4373216110463526,0.8137684435624656,0.8741724858352196
2021-08-27,0.6116848801888125,0.1624467278527155,0.5996326242849453,0.11064958435372375,0.31453315719714725,0.8238377753677243,0.8739298904490619
2021-08-28,0.5864587209605627,0.13791976874151307,0.5494398632970445,0.05934067947597449,0.39461475444963356,0.8340862840850685,0.873950294577068
2021-08-29,0.5959076569259915,0.13575771822531582,0.5402868412159815,0.06469900416405562,0.3722986636219477,0.8444333405820066,0.8740700288917144
2021-08-30,0.5968347747954207,0.13569994812622324,0.539048449093832,0.06470729809449649,0.3701345036638234,0.8459259897755924,0.8741897192571992
2021-08-31,0.5852718333178276,0.1426416098659701,0.5315226805558949,0.05770115100409125,0.28978716000001475,0.8474019957113675,0.8743093656769424
2021-09-01,0.6162532236177922,0.1341635504649223,0.5072261353429139,0.07950194945094609,0.3654570307604682,0.8488223491704422,0.8744289681336073
2021-09-02,0.6445154621744359,0.1411579868347392,0.4814888924964991,0.05875167723457022,0.4804164730691861,0.8501748614981834,0.8745448502536325
2021-09-03,0.6160635857824286,0.13016592660029713,0.493781593282951,0.08445627330226037,0.5668718149839778,0.8514344148634703,0.874453854271822
2021-09-04,0.5841174713717435,0.1102341020302103,0.4611739196413298,0.09862079678322562,0.533915358574237,0.8527164261967277,0.8741600094687325
2021-09-05,0.5897549852460416,0.10944279692835955,0.45210715646140986,0.10528786873379838,0.5446134896375568,0.8539654369690973,0.8738566266540383
2021-09-06,0.612911200006783,0.11863573725986491,0.4474843452857139,0.08265135565935997,0.5265335459619721,0.8551592595894201,0.8735529616335092
2021-09-07,0.6230523616570816,0.11992621206268692,0.43455546330634415,0.08133021617575754,0.5093849663592711,0.8574493594584871,0.8732490143388593
2021-09-08,0.5515941661263845,0.21190784588394648,0.23195937767578736,0.4335882744936751,0.42052686907741704,0.8517165886597144,0.8729924299663491
2021-09-09,0.5120683352228194,0.2087466257150197,0.25727965470507175,0.40604273178421635,0.35518111657882634,0.846123715969372,0.8729299350661461
2021-09-10,0.5514988029684254,0.20078072845482392,0.20191690872761267,0.5310327751088901,0.3439102550771112,0.8405173211299409,0.8732083663544372
2021-09-11,0.482532511078745,0.19169535197337934,0.2126800660021238,0.49810109316705936,0.2617184480840781,0.8349945819777709,0.8736833562954402
2021-09-12,0.49164012033990284,0.19256370267830195,0.20636313094594014,0.5039269979759751,0.30121723934775907,0.8294925304727895,0.874180615111297
2021-09-13,0.5081739212773576,0.19595891456337558,0.2038542899141347,0.49718275195465245,0.23417503783967764,0.8240579581128983,0.8746771163373728
2021-09-14,0.5209373725876774,0.19122672893805195,0.17910697477733623,0.5659957231449158,0.25435356971449025,0.8179967235123299,0.8752290408793936
2021-09-15,0.5554095879270748,0.20448489031586706,0.21275243150217776,0.49902445897553926,0.327799980513353,0.8119006127929974,0.875793803144531
2021-09-16,0.5429960346690315,0.19950273072909358,0.20108953519801392,0.5252891532998873,0.46873574516016586,0.805225842709468,0.8761653382287576
2021-09-17,0.5279041767516934,0.1987212205471391,0.21371591540626206,0.5093404498173346,0.42814049415774,0.7985692150082392,0.876355839099115
2021-09-18,0.5048820593631623,0.19666283185541278,0.22940910361957234,0.49476587557784396,0.3891745022384448,0.7914888933131157,0.8764954718714533
2021-09-19,0.5225396835647058,0.19979989591251932,0.22361640644187167,0.49065414561758347,0.3358588290776364,0.7844161572808245,0.8766122628593053
2021-09-20,0.4721061520244861,0.1913216724363055,0.23387117596013074,0.49125442334019354,0.19773400663142562,0.7774912994769658,0.876729011458643
2021-09-21,0.3751660560044311,0.22692693184265317,0.31614425286236214,0.24306797255962756,0.10825520928172386,0.7704236184184672,0.8767898029991806
2021-09-22,0.43067944558315696,0.16911879832247217,0.3789800665449712,0.21922530037856724,0.07595741490729235,0.7633106533878214,0.8768206441799642
2021-09-23,0.5067046733521982,0.20467023818738334,0.43767666906831376,0.18647114623491384,0.1730134844702749,0.7562290597382326,0.8769209207905503
2021-09-24,0.5279072848564228,0.21065488334321217,0.4276443541053782,0.1687687927386338,0.2826050701792572,0.7492257506787023,0.8770868343561179
2021-09-25,0.5144334681641644,0.2173954369840554,0.4347042067264165,0.14351932638024234,0.2640776921627777,0.7357518142443775,0.877304734462834
2021-09-26,0.5075821577098171,0.21686110275678228,0.4408384262297161,0.14347158916490477,0.26939835972588566,0.7223245863617561,0.8775502895533007
2021-09-27,0.5021335576782662,0.21541109629748248,0.4438759307486321,0.14735911192354945,0.1743908247769221,0.7087508597591364,0.8777956564613736
2021-09-28,0.5048225552377181,0.21483585681569095,0.4412649636255146,0.1505118162480907,0.13991206352229263,0.6951123169156137,0.8780408352198114
2021-09-29,0.44206044218903395,0.2007927793928518,0.46901001367343603,0.17794907377263464,0.11202613024530646,0.6812927477134301,0.878258039202455
2021-09-30,0.4348007127068909,0.1980715833934723,0.47181381291629454,0.18829001833010306,0.1332500286147485,0.6674600672045795,0.8784124091149054
2021-10-01,0.4872562041970207,0.21994392425733025,0.46869905647887267,0.1369803400331996,0.18821729876356935,0.6536404878042367,0.8785047784522665
2021-10-02,0.5774985701408746,0.2664785332353926,0.5036429871534526,0.11769858238519386,0.1850117919487927,0.6401450551589917,0.8785452572629834
2021-10-03,0.5537533140887,0.26516613558123453,0.5226975275809904,0.12278907160448675,0.21370227773868308,0.6268780795862878,0.878558020677822
2021-10-04,0.5824404245306621,0.2631693419560891,0.5002884939641334,0.1281322902727329,0.19050461932674118,0.6134698595234265,0.8785707835116146
2021-10-05,0.6825017440821457,0.2114860648844545,0.553460693738507,0.12172862345081531,0.178649055849111,0.6000029146949478,0.8785544608296146
2021-10-06,0.7719568087926446,0.1889442971886751,0.5464219899951395,0.12105917450388672,0.20766618861428618,0.5863124438955292,0.8781069515737451
2021-10-07,0.776941960118292,0.19276634434861395,0.5499090673215944,0.11690091070446579,0.24481076543090552,0.5736316392431474,0.8775091689918972
2021-10-08,0.726328682324934,0.20333663215539602,0.5775156802427012,0.10390004001697632,0.25101737699209126,0.5608397976378818,0.8767266092802841
2021-10-09,0.7708444049416749,0.1784489132089818,0.6166757236736887,0.11858197523735345,0.2907007340041704,0.5477891373221518,0.8756419703085133
2021-10-10,0.790385885274586,0.17584621075626214,0.5999710345824902,0.11741282086227843,0.3363919134728641,0.534667828621715,0.8744322728488345
2021-10-11,0.7737508393745578,0.17959178545438595,0.6102646925224987,0.11250447028046233,0.4186976527117638,0.5214721544075568,0.8732180621841431
2021-10-12,0.8337345243873441,0.17498592844073646,0.569636970970081,0.09342297652964192,0.47900048907620063,0.5081976171455619,0.8720290485963647
2021-10-13,0.8349925248931049,0.17405715676436173,0.5717356654110731,0.09353022604394545,0.4133154247234956,0.49488273513794173,0.871114286274848
2021-10-14,0.8451509805808407,0.17340738605554015,0.560763905675303,0.09234410097813274,0.42423046974965,0.48165105463032815,0.8702490779269388
2021-10-15,0.7985381926530135,0.16974902568768457,0.607258032980525,0.12678341139224117,0.34088872322820174,0.46839378836845225,0.8696143882932368
2021-10-16,0.7792074630659485,0.1496905755000095,0.5647329743032372,0.07979095158822844,0.38137267604333364,0.4551089352532904,0.8692847558819835
2021-10-17,0.7751643367981004,0.15164371363343968,0.5640036378543711,0.07632413117408876,0.3887005353911481,0.44173051835483906,0.8690782923728163
2021-10-18,0.7758240935382021,0.15157104142116054,0.5632556759976798,0.07636231121962489,0.39328131677909384,0.42829092539373437,0.8688717015319711
2021-10-19,0.7642740156744537,0.1522349736398118,0.5770340327986018,0.078696011849824,0.3896586577158502,0.4147728287529723,0.8686649835902452
2021-10-20,0.7545801674395031,0.14810546186793783,0.5862702188631898,0.09655969661689137,0.5588105957800997,0.4090856130043291,0.8686187876597392
2021-10-21,0.7132808295559614,0.12044789176915535,0.5759965828607858,0.13496928111831535,0.7015072450953413,0.4034460896315834,0.86866744757164
2021-10-22,0.6874874135441089,0.1467307415131628,0.4720713508114844,0.18949397663922507,0.6646953919067492,0.39771990823940684,0.8686674481780515
2021-10-23,0.6650109042306251,0.15460703041182583,0.4897157869667581,0.1483063172158314,0.5459130011693637,0.3920457304347768,0.8686674487624335
2021-10-24,0.6558654908836214,0.1535258204219751,0.500520474855948,0.15367132254995478,0.5397637343616425,0.3863667023809915,0.8686674493266654
2021-10-25,0.655076596756604,0.15371885165914292,0.5013228129693463,0.15265076636909675,0.5259166500587026,0.38071507566146057,0.8686674498353244
2021-10-26,0.6425226494615862,0.14621301020231334,0.4967218867827175,0.1773145760246825,0.6375724094923519,0.3756462554737065,0.8687261436259263
2021-10-27,0.626969752589092,0.15680937525538252,0.486017253865036,0.14973582036171157,0.546040476716138,0.37056841751311526,0.8688598393400643
2021-10-28,0.5816965482795229,0.16052359391925128,0.5289083342429624,0.13600540313806203,0.5995240507244556,0.36548863946584,0.8691279419163056
2021-10-29,0.6120002600531108,0.16740708319802877,0.50097661885087,0.10687870014954434,0.6733802266993195,0.35933667221600785,0.8695390712411032
2021-10-30,0.5738162647860685,0.1373567443036637,0.4204504934749606,0.07668280557610539,0.6977814893600254,0.35318697881367983,0.8699764849148042
2021-10-31,0.5767521861991124,0.13669360172388725,0.41623726544152323,0.08123113356274013,0.6162260198571645,0.34699511859213394,0.8704133252226908
2021-11-01,0.5589847628186481,0.1364549232263291,0.4395383706768665,0.0727024896471679,0.5763436135082487,0.34085432797806353,0.8708495923357736
2021-11-02,0.5490201097306281,0.13609175719529512,0.4527841992857891,0.07021126002752268,0.551415744262162,0.3347651612571667,0.8712465952562709
2021-11-03,0.5491541506540005,0.13618202243631197,0.45296130363195974,0.07017003783075675,0.5998872109665716,0.3286649164908657,0.8715866943158
2021-11-04,0.522447513695971,0.12954868459421245,0.4748599709839535,0.08600137177625508,0.5384274408763542,0.3225857558982959,0.8717931070237581
2021-11-05,0.551793942820554,0.10613429298015727,0.5343490352602425,0.056396051921006767,0.40069879754417925,0.31644106646247205,0.8718572053832138
2021-11-06,0.5673911033902721,0.10099251300458986,0.5216289127712758,0.07279470682908186,0.3765924802013251,0.31676160996640795,0.8719395054802933
2021-11-07,0.5657192490280594,0.10067152068502072,0.5242261137058344,0.07473256546534893,0.39790405077308655,0.32181002763054334,0.8720630278153636
2021-11-08,0.596259723671541,0.10653192056798055,0.48824799132095764,0.053892602230108305,0.4744884391627192,0.3266661578495306,0.8721865038722232
2021-11-09,0.6234193891629196,0.13196266898480888,0.5652485601022847,0.11731091181837133,0.5258611725909502,0.33153838316350775,0.8721508651040899
2021-11-10,0.6530152580384202,0.11307331989255832,0.616216341722575,0.13153532612234659,0.4939346693158502,0.3365625245891176,0.8719720234481756
2021-11-11,0.6504608920025522,0.11500173441493787,0.6086161351055179,0.13076847487375784,0.43845396124175845,0.34275138259456167,0.8717930847523567
2021-11-12,0.6194204102895967,0.10806211350810288,0.6575560929199408,0.2029298725807024,0.5038661483643334,0.3488523485967419,0.8714192743669438
2021-11-13,0.5886671795489417,0.10407900699631699,0.709903480473282,0.28141007207698593,0.38844523002368897,0.3560288210329812,0.8695735543365467
2021-11-14,0.6012434567044097,0.10267080279124528,0.6956916383001194,0.27425169522700704,0.40718559023757006,0.3632511527646456,0.8674798270502461
2021-11-15,0.6218189219222872,0.1021031698760757,0.665821404743493,0.2481621343464282,0.36763497006117135,0.3704677011656198,0.8653734405126422
2021-11-16,0.6022412255414574,0.110514797927183,0.6511550355692801,0.21462800267007998,0.35644668154664216,0.3777482133567708,0.8634181477529744
2021-11-17,0.5231552090923113,0.12624112789924388,0.6049787480401406,0.26572615708825104,0.2795375060505872,0.3849853536585614,0.8617552988601576
2021-11-18,0.5314500816141638,0.12678799075587202,0.5923110184155798,0.25504559851953834,0.2820988072520975,0.3912648337399217,0.8603490126835343
2021-11-19,0.4991601573078187,0.14977754278006486,0.5329606380815097,0.1993407256865551,0.1665693489514249,0.39759956884668957,0.8592656684577049
2021-11-20,0.5223276390176076,0.15425225149683858,0.5077675252581964,0.17141542393418394,0.19005691273289715,0.4041372925302827,0.8598021807024636
2021-11-21,0.5419193069383469,0.16125509931166598,0.49530338335411606,0.14039593190567518,0.25574615944530527,0.410126522387938,0.8606600345304033
2021-11-22,0.5015743329675358,0.15601243615802005,0.5349581799115791,0.1663608003088223,0.27416137089580916,0.41605812038864615,0.8615157581930074
2021-11-23,0.41014148851426285,0.11900139582150655,0.4555456506642817,0.08229285172452665,0.22972300715500077,0.4178758394600837,0.8624342601832262
2021-11-24,0.44051784817387823,0.1306566656674749,0.4493931200340238,0.06329178712876636,0.26675583243863105,0.42425286972518184,0.8633313527240337
2021-11-25,0.46070164591902013,0.1269076161756645,0.42124027206333686,0.08865628542993959,0.2313389866246578,0.43050704139044893,0.8640417455646021
2021-11-26,0.48857765938090497,0.13835637638659176,0.4236361530196383,0.07359574628711567,0.35255345515346953,0.43664889330787193,0.8646373915910187
2021-11-27,0.41357412733322124,0.18924823000344732,0.3900782230230427,0.112847746921414,0.25910819448237415,0.4437340176528646,0.8651839391105737
2021-11-28,0.4213355551801603,0.19160419716973034,0.3876933228323779,0.10944497589374497,0.2514166306548334,0.4501738681750433,0.8657167811761456
2021-11-29,0.44683138190436905,0.2056637358522475,0.4078071342833393,0.09729266044246276,0.2600967184342209,0.456720822691341,0.8662484195655836
2021-11-30,0.4783913569965665,0.2054071782752661,0.37755159644720776,0.11647348102061426,0.28098156080425535,0.46325110824503696,0.8667269736298605
2021-12-01,0.514767716946513,0.19079250118433672,0.3393734286776009,0.1920660554236065,0.28151133806533096,0.4672537508493766,0.8670931609290141
2021-12-02,0.5129155839270887,0.1905748640249336,0.3408442474364848,0.19154795099021937,0.2918145426102082,0.47243139203406537,0.8673824995006917
2021-12-03,0.5545695695919165,0.1685342882491034,0.2941492561648767,0.33021414582265285,0.24299120442541305,0.4775088279508058,0.8676603146409352
2021-12-04,0.49134134722108663,0.1807569663936977,0.3598985102156573,0.20476781175851438,0.2331734673204014,0.48284257099306294,0.8678400793159987
2021-12-05,0.3867923976048242,0.20944026986520262,0.3947295786329096,0.12375159645707919,0.2312336168616836,0.4746542206742497,0.8679134260932447
2021-12-06,0.40425602024868984,0.21062531825095665,0.37943695640675523,0.12956745709374706,0.24241452610448933,0.46558385434075444,0.8679867569125759
2021-12-07,0.4571118063463746,0.21208557115141755,0.33898393610537036,0.16358290333899708,0.2294410379533146,0.4568185529480254,0.8669065227850956
2021-12-08,0.43667033833183055,0.20566158496095155,0.33999490428560414,0.17198213393870382,0.160609826331263,0.44808444879062365,0.8629210066392756
2021-12-09,0.44012399154213716,0.20588780970444856,0.3369643287256703,0.17387779576916193,0.09648780206964429,0.4394339580270347,0.858822143595956
2021-12-10,0.36586123624131467,0.2047075981801772,0.38183338701534203,0.12088871126385946,0.045678005731357135,0.43191578835448263,0.8547227172573365
2021-12-11,0.4370002594034564,0.16236297532949162,0.3623673296259743,0.20575381293953046,0.047508579077045955,0.42450334291602704,0.8506538876593208
2021-12-12,0.4644308113012203,0.1788882206302417,0.39949100045904684,0.17378985820690715,0.11818138160376551,0.41712719414657795,0.8465728994624285
2021-12-13,0.43868960693982556,0.16361017205440337,0.3669199412149492,0.20494108855000345,0.19145892092006248,0.40971750320959965,0.8424471609278511
2021-12-14,0.3716853095343473,0.18046330805245614,0.42050714340604173,0.11708027826921635,0.07412625142088762,0.40239768997650066,0.8395207755941188
2021-12-15,0.4142036225969973,0.19576664805949479,0.41742037151488065,0.09779136392093683,0.09990724196249537,0.3950767975935892,0.839705361557065
2021-12-16,0.4218258500709522,0.1978300436086546,0.4136166385937912,0.094562284272446,0.1605590053638812,0.387945859259722,0.839990430540006
2021-12-17,0.412148166949508,0.19881918319246458,0.42430524128310226,0.08663931050250054,0.17712604755632494,0.3808379931604156,0.8402259140426841
2021-12-18,0.4316831293126113,0.19072580694992908,0.40799673919613577,0.11822678209780323,0.11455661983250888,0.37376506205528426,0.8403960263678266
2021-12-19,0.5242125324433657,0.1477873180349868,0.41231045015754847,0.12740091251287539,0.19855897238238124,0.3618608362670008,0.8405480500530291
2021-12-20,0.5206052964057322,0.14762085518360205,0.41676844879211783,0.1261192736630498,0.15200688215682856,0.35005305542960635,0.8407000142301335
2021-12-21,0.5057895422220128,0.14316086340297796,0.42420112482026556,0.13841717868196624,0.16589407902722128,0.3382296193829186,0.8408368452816167
2021-12-22,0.5404942909802712,0.15828713757609744,0.4313679609823457,0.1102447979522052,0.26252039445474823,0.32635616987829447,0.8409272640952825
2021-12-23,0.5386885435082677,0.15836144325228133,0.4336727563569917,0.10907851966319008,0.26947012723910035,0.31326751628784116,0.840987864438589
2021-12-24,0.6244051329434227,0.14839556142229932,0.4037290699056875,0.16088620290006703,0.29438178895492845,0.3001430901450628,0.8410484550407931
2021-12-25,0.634207397545234,0.14625054261345563,0.38976649092825233,0.18023243140602535,0.2772616406495287,0.28486852247860833,0.8410944700812163
2021-12-26,0.5913633909276913,0.133487542006633,0.3953219516095984,0.20763515374864908,0.236028356485989,0.2695581293309148,0.8411246477165101
2021-12-27,0.5853244570371463,0.13250226768718268,0.40136385084641424,0.21012206116726256,0.30282960467297687,0.25419577476233834,0.8411548232359035
2021-12-28,0.6419473168231236,0.08474289582689937,0.5508558950098654,0.10816829104781028,0.332642231101607,0.23911954975741992,0.8411692820117578
2021-12-29,0.5567687191030224,0.11652504069609895,0.43524591519089006,0.22178027412026038,0.2062305869275655,0.22418523472224725,0.841169282784106
2021-12-30,0.5238111112191907,0.11999487113889086,0.47801483773409664,0.18673525686167222,0.16045364696581443,0.2092478689785332,0.8411831492635929
2021-12-31,0.5583211320233333,0.11770658500351991,0.4340125794518166,0.21430782011254543,0.18432534442454312,0.19433027637299458,0.8412312124796785
2022-01-01,0.5685866612552328,0.11263758196544818,0.4251948187901744,0.25379256632784053,0.176696632888859,0.17938485762836912,0.841311749988828
2022-01-02,0.5815010662906339,0.11874305510920176,0.42931840177107944,0.2204380074995447,0.24337009973887633,0.16500903084052276,0.8413931331254858
2022-01-03,0.5760653713038055,0.11952749444924714,0.43789837158829303,0.21121652937409252,0.2683905164716789,0.15053049415545383,0.8414746743088202
2022-01-04,0.5561450262324231,0.1223585434157325,0.4664790441286605,0.18330681074084668,0.23295033998334108,0.14687121656929575,0.8476192401525614
2022-01-05,0.5088529202239659,0.10511535353356276,0.46858075224304563,0.2483230019465314,0.27369842211850354,0.132503791366115,0.8712115746838743
2022-01-06,0.4684209030550153,0.12401583117167088,0.47755320735836393,0.15834797172668483,0.2056120492189961,0.11836701136585015,0.8943761249259548
2022-01-07,0.4235140274831533,0.09771803194788385,0.41392339979183285,0.19476616280144185,0.22550058423335853,0.1044424575264004,0.9158960224725522
2022-01-08,0.3918601444177462,0.10270591202047515,0.4592428286842788,0.14552209659355406,0.18257404064494853,0.08970689345515391,0.9358282236531319
2022-01-09,0.39936668607545195,0.10503576411006156,0.4531013556651324,0.1343590472108105,0.22175835997927043,0.07570476704365117,0.9541806119691445
2022-01-10,0.3965744799911934,0.1038506021424968,0.4537310621252863,0.13946439277584266,0.24139194172203385,0.061608113027445725,0.9710039029069392
2022-01-11,0.39710138098365166,0.10398208873677386,0.4531657531830399,0.13883967549652457,0.14982945412331233,0.04784227379645426,0.9829820824540453
2022-01-12,0.46906019842903685,0.08633219689653483,0.4736484682707194,0.1305328466217881,0.1623681559953432,0.036771714202337505,0.9839465927219764
2022-01-13,0.5153857625394954,0.0935394026720956,0.44307089039558334,0.12805859404932518,0.27996506232167845,0.02449507192641936,0.9841724820531361
2022-01-14,0.47465454884462394,0.09647230651168495,0.491118640466614,0.10330180894038468,0.21380254424602824,0.012393582965713752,0.9843775971493371
2022-01-15,0.5007043681105853,0.09835690419565653,0.45397905315047615,0.10076884676353658,0.212470705275541,0.0,0.9845410894267491
2022-01-16,0.4750672955093662,0.08432519171255552,0.428061042146383,0.12486128208812194,0.2873260989068219,0.0007938924811554829,0.9846923292172957
2022-01-17,0.48264649701744305,0.08475832658778358,0.41480284599690326,0.12768342323071952,0.3151492621295422,0.0022478577543657108,0.9848433672420083
2022-01-18,0.4804569164554687,0.08546453533100636,0.4187529684319677,0.12126687274163973,0.1884036209933027,0.003241178292710099,0.9849728672376267
2022-01-19,0.49466442833865026,0.08624602993336522,0.3951931284914661,0.12897902253067914,0.20629721992466737,0.004180360472574564,0.9850813409117818
2022-01-20,0.5261397774999653,0.06091930949925021,0.44119573493763337,0.1198705763090022,0.15855531779613202,0.005066734059474102,0.9851915171656254
2022-01-21,0.5113752078680259,0.06640401388422364,0.4631073996427066,0.08028251445070408,0.08417206718608758,0.005922781164559312,0.9852609203257371
2022-01-22,0.44804164540944097,0.15648570273989768,0.1707938086846688,0.5952541851190079,0.07690860204322247,0.006786461253242051,0.9853204391884477
2022-01-23,0.40892518600810507,0.16086242633209316,0.22825074266764964,0.4690808743101583,0.0,0.007984683757862328,0.9853922589982965
2022-01-24,0.43478882946480857,0.17337272508983176,0.26728594903289776,0.4033529716524277,0.0026485528371197383,0.009301214966470626,0.9854640466214349
2022-01-25,0.44739585405619675,0.176305114806878,0.2647277272838658,0.39481040650413723,0.016231276993518434,0.010967141518393843,0.9855461618396735
2022-01-26,0.43636685004637227,0.17228546598598757,0.25881318158472294,0.41352667667040366,0.004379418375304863,0.012636210769410757,0.9856624978358209
2022-01-27,0.40812536113359166,0.16221314041266885,0.24079766832535315,0.46167757617563704,0.030419261787847204,0.01422780920763367,0.9858037271713554
2022-01-28,0.4445537949667106,0.16226373511892817,0.20236448290263048,0.5254955062628599,0.08524328863347747,0.015839702213442115,0.9849288027658842
2022-01-29,0.44947025277453795,0.16418475884606212,0.20741975379553887,0.5134199093861429,0.16188328958137968,0.01743840317593996,0.9835381961012996
2022-01-30,0.4572930274013713,0.16611119422759374,0.20777235623145768,0.505846708365934,0.15645305436074788,0.018945211047670295,0.9821156625279552
2022-01-31,0.45200669552257655,0.1656421766754004,0.21206527567052985,0.5017119079047692,0.1393112838415629,0.02038692402811563,0.9806807107975766
