date,close,ret
2014-09-17,457.334015,
2014-09-18,424.440002,-0.071926
2014-09-19,394.79599,-0.069843
2014-09-20,408.903992,0.035735
2014-09-21,398.821014,-0.024659
2014-09-22,402.152008,0.008352
2014-09-23,435.790985,0.083647
2014-09-24,423.204987,-0.028881
2014-09-25,411.574005,-0.027483
2014-09-26,404.424988,-0.01737
2014-09-27,399.519989,-0.012128
2014-09-28,377.181,-0.055915
2014-09-29,375.46701,-0.004544
2014-09-30,386.944,0.030567
2014-10-01,383.61499,-0.008603
2014-10-02,375.071991,-0.02227
2014-10-03,359.511993,-0.041485
2014-10-04,328.865997,-0.085243
2014-10-05,320.51001,-0.025408
2014-10-06,330.07901,0.029856
2014-10-07,336.187012,0.018505
2014-10-08,352.940002,0.049832
2014-10-09,365.026001,0.034244
2014-10-10,361.562012,-0.00949
2014-10-11,362.299011,0.002038
2014-10-12,378.549011,0.044852
2014-10-13,390.414001,0.031343
2014-10-14,400.869995,0.026782
2014-10-15,394.77301,-0.015209
2014-10-16,382.556,-0.030947
2014-10-17,383.757996,0.003142
2014-10-18,391.441986,0.020023
2014-10-19,389.54599,-0.004844
2014-10-20,382.845001,-0.017202
2014-10-21,386.475006,0.009482
2014-10-22,383.15799,-0.008583
2014-10-23,358.416992,-0.064571
2014-10-24,358.345001,-0.000201
2014-10-25,347.270996,-0.030903
2014-10-26,354.70401,0.021404
2014-10-27,352.989014,-0.004835
2014-10-28,357.618011,0.013114
2014-10-29,335.591003,-0.061594
2014-10-30,345.304993,0.028946
2014-10-31,338.321014,-0.020226
2014-11-01,325.748993,-0.03716
2014-11-02,325.891998,0.000439
2014-11-03,327.553986,0.0051
2014-11-04,330.492004,0.00897
2014-11-05,339.485992,0.027214
2014-11-06,349.290009,0.028879
2014-11-07,342.415009,-0.019683
2014-11-08,345.488007,0.008974
2014-11-09,363.264008,0.051452
2014-11-10,366.924011,0.010075
2014-11-11,367.695007,0.002101
2014-11-12,423.561005,0.151936
2014-11-13,420.734985,-0.006672
2014-11-14,397.817993,-0.054469
2014-11-15,376.132996,-0.05451
2014-11-16,387.881989,0.031236
2014-11-17,387.40799,-0.001222
2014-11-18,375.197998,-0.031517
2014-11-19,380.554993,0.014278
2014-11-20,357.839996,-0.059689
2014-11-21,350.847992,-0.019539
2014-11-22,352.920013,0.005906
2014-11-23,367.572998,0.041519
2014-11-24,376.901001,0.025377
2014-11-25,375.347992,-0.00412
2014-11-26,368.369995,-0.018591
2014-11-27,369.670013,0.003529
2014-11-28,376.446991,0.018333
2014-11-29,375.490997,-0.00254
2014-11-30,378.046997,0.006807
2014-12-01,379.244995,0.003169
2014-12-02,381.315002,0.005458
2014-12-03,375.01001,-0.016535
2014-12-04,369.604004,-0.014416
2014-12-05,376.854004,0.019616
2014-12-06,374.785004,-0.00549
2014-12-07,375.095001,0.000827
2014-12-08,361.908997,-0.035154
2014-12-09,352.218994,-0.026775
2014-12-10,346.36499,-0.01662
2014-12-11,350.506012,0.011956
2014-12-12,352.541992,0.005809
2014-12-13,347.376007,-0.014654
2014-12-14,351.631989,0.012252
2014-12-15,345.345001,-0.017879
2014-12-16,327.062012,-0.052941
2014-12-17,319.776001,-0.022277
2014-12-18,311.395996,-0.026206
2014-12-19,317.842987,0.020704
2014-12-20,329.955994,0.03811
2014-12-21,320.842987,-0.027619
2014-12-22,331.885986,0.034419
2014-12-23,334.571991,0.008093
2014-12-24,322.533997,-0.03598
2014-12-25,319.007996,-0.010932
2014-12-26,327.924011,0.027949
2014-12-27,315.863007,-0.03678
2014-12-28,317.239014,0.004356
2014-12-29,312.670013,-0.014402
2014-12-30,310.737,-0.006182
2014-12-31,320.192993,0.030431
2015-01-01,314.248993,-0.018564
2015-01-02,315.032013,0.002492
2015-01-03,281.082001,-0.107767
2015-01-04,264.195007,-0.060079
2015-01-05,274.473999,0.038907
2015-01-06,286.188995,0.042682
2015-01-07,294.337006,0.028471
2015-01-08,283.348999,-0.037331
2015-01-09,290.40799,0.024913
2015-01-10,274.79599,-0.053759
2015-01-11,265.660004,-0.033246
2015-01-12,267.79599,0.00804
2015-01-13,225.860992,-0.156593
2015-01-14,178.102997,-0.211449
2015-01-15,209.843994,0.178217
2015-01-16,208.097,-0.008325
2015-01-17,199.259995,-0.042466
2015-01-18,210.339005,0.055601
2015-01-19,214.860992,0.021499
2015-01-20,211.315002,-0.016504
2015-01-21,226.897003,0.073738
2015-01-22,233.406006,0.028687
2015-01-23,232.878998,-0.002258
2015-01-24,247.847,0.064274
2015-01-25,253.718002,0.023688
2015-01-26,273.472992,0.077862
2015-01-27,263.475006,-0.036559
2015-01-28,233.914993,-0.112193
2015-01-29,233.513,-0.001719
2015-01-30,226.425003,-0.030354
2015-01-31,217.464005,-0.039576
2015-02-01,226.972,0.043722
2015-02-02,238.229004,0.049596
2015-02-03,227.268005,-0.04601
2015-02-04,226.852997,-0.001826
2015-02-05,217.110992,-0.042944
2015-02-06,222.266006,0.023744
2015-02-07,227.753998,0.024691
2015-02-08,223.412003,-0.019064
2015-02-09,220.110001,-0.01478
2015-02-10,219.839005,-0.001231
2015-02-11,219.184998,-0.002975
2015-02-12,221.764008,0.011766
2015-02-13,235.427002,0.061611
2015-02-14,257.321014,0.092997
2015-02-15,234.824997,-0.087424
2015-02-16,233.843002,-0.004182
2015-02-17,243.610001,0.041767
2015-02-18,236.326004,-0.0299
2015-02-19,240.283005,0.016744
2015-02-20,243.779007,0.01455
2015-02-21,244.533997,0.003097
2015-02-22,235.977005,-0.034993
2015-02-23,238.891998,0.012353
2015-02-24,238.735001,-0.000657
2015-02-25,237.470001,-0.005299
2015-02-26,236.425995,-0.004396
2015-02-27,253.828003,0.073604
2015-02-28,254.263,0.001714
2015-03-01,260.201996,0.023358
2015-03-02,275.670013,0.059446
2015-03-03,281.701996,0.021881
2015-03-04,273.09201,-0.030564
2015-03-05,276.178009,0.0113
2015-03-06,272.722992,-0.01251
2015-03-07,276.260986,0.012973
2015-03-08,274.354004,-0.006903
2015-03-09,289.606995,0.055596
2015-03-10,291.76001,0.007434
2015-03-11,296.378998,0.015831
2015-03-12,294.354004,-0.006832
2015-03-13,285.337006,-0.030633
2015-03-14,281.88501,-0.012098
2015-03-15,286.393005,0.015992
2015-03-16,290.592987,0.014665
2015-03-17,285.505005,-0.017509
2015-03-18,256.299011,-0.102296
2015-03-19,260.928009,0.018061
2015-03-20,261.748993,0.003146
2015-03-21,260.024994,-0.006586
2015-03-22,267.959991,0.030516
2015-03-23,266.73999,-0.004553
2015-03-24,245.595001,-0.079272
2015-03-25,246.197006,0.002451
2015-03-26,248.531998,0.009484
2015-03-27,247.029007,-0.006047
2015-03-28,252.798004,0.023354
2015-03-29,242.712997,-0.039894
2015-03-30,247.526001,0.01983
2015-03-31,244.223999,-0.01334
2015-04-01,247.272003,0.01248
2015-04-02,253.005005,0.023185
2015-04-03,254.322006,0.005205
2015-04-04,253.697006,-0.002458
2015-04-05,260.597992,0.027202
2015-04-06,255.492004,-0.019593
2015-04-07,253.179993,-0.009049
2015-04-08,245.022003,-0.032222
2015-04-09,243.675995,-0.005493
2015-04-10,236.072006,-0.031205
2015-04-11,236.552002,0.002033
2015-04-12,236.153,-0.001687
2015-04-13,224.587006,-0.048977
2015-04-14,219.158997,-0.024169
2015-04-15,223.832993,0.021327
2015-04-16,228.572998,0.021177
2015-04-17,222.882004,-0.024898
2015-04-18,223.356003,0.002127
2015-04-19,222.600006,-0.003385
2015-04-20,224.626007,0.009102
2015-04-21,235.268997,0.047381
2015-04-22,234.175995,-0.004646
2015-04-23,236.462006,0.009762
2015-04-24,231.268005,-0.021965
2015-04-25,226.389999,-0.021092
2015-04-26,219.429993,-0.030743
2015-04-27,229.285995,0.044916
2015-04-28,225.854996,-0.014964
2015-04-29,225.807999,-0.000208
2015-04-30,236.145004,0.045778
2015-05-01,232.078995,-0.017218
2015-05-02,234.929993,0.012285
2015-05-03,240.358002,0.023105
2015-05-04,239.018005,-0.005575
2015-05-05,236.121002,-0.01212
2015-05-06,229.781998,-0.026846
2015-05-07,237.334,0.032866
2015-05-08,243.863007,0.02751
2015-05-09,241.832001,-0.008328
2015-05-10,240.296005,-0.006351
2015-05-11,242.158005,0.007749
2015-05-12,241.112,-0.00432
2015-05-13,236.376999,-0.019638
2015-05-14,236.929001,0.002335
2015-05-15,237.604996,0.002853
2015-05-16,236.153,-0.006111
2015-05-17,236.802002,0.002748
2015-05-18,233.128006,-0.015515
2015-05-19,231.947006,-0.005066
2015-05-20,234.018005,0.008929
2015-05-21,235.343994,0.005666
2015-05-22,240.348007,0.021263
2015-05-23,238.871994,-0.006141
2015-05-24,240.953003,0.008712
2015-05-25,237.110001,-0.015949
2015-05-26,237.115997,2.5e-05
2015-05-27,237.283005,0.000704
2015-05-28,237.408005,0.000527
2015-05-29,237.095993,-0.001314
2015-05-30,233.345001,-0.015821
2015-05-31,230.190002,-0.013521
2015-06-01,222.925995,-0.031557
2015-06-02,225.802994,0.012906
2015-06-03,225.873993,0.000314
2015-06-04,224.324005,-0.006862
2015-06-05,224.951996,0.002799
2015-06-06,225.619003,0.002965
2015-06-07,222.880997,-0.012136
2015-06-08,228.488998,0.025161
2015-06-09,229.048004,0.002447
2015-06-10,228.802994,-0.00107
2015-06-11,229.705002,0.003942
2015-06-12,229.981995,0.001206
2015-06-13,232.401993,0.010523
2015-06-14,233.542999,0.00491
2015-06-15,236.822998,0.014045
2015-06-16,250.895004,0.05942
2015-06-17,249.283997,-0.006421
2015-06-18,249.007004,-0.001111
2015-06-19,244.606003,-0.017674
2015-06-20,245.212006,0.002477
2015-06-21,243.944,-0.005171
2015-06-22,246.990005,0.012486
2015-06-23,244.296005,-0.010907
2015-06-24,240.514999,-0.015477
2015-06-25,242.798996,0.009496
2015-06-26,243.593994,0.003274
2015-06-27,250.990005,0.030362
2015-06-28,249.011002,-0.007885
2015-06-29,257.063995,0.03234
2015-06-30,263.071991,0.023372
2015-07-01,258.621002,-0.016919
2015-07-02,255.412003,-0.012408
2015-07-03,256.335999,0.003618
2015-07-04,260.885986,0.01775
2015-07-05,271.912994,0.042268
2015-07-06,269.029999,-0.010603
2015-07-07,266.207001,-0.010493
2015-07-08,270.785004,0.017197
2015-07-09,269.227997,-0.00575
2015-07-10,284.894012,0.058189
2015-07-11,293.11499,0.028856
2015-07-12,310.867004,0.060563
2015-07-13,292.053986,-0.060518
2015-07-14,287.463989,-0.015716
2015-07-15,285.82901,-0.005688
2015-07-16,278.088989,-0.027079
2015-07-17,279.471985,0.004973
2015-07-18,274.901001,-0.016356
2015-07-19,273.614014,-0.004682
2015-07-20,278.980988,0.019615
2015-07-21,275.833008,-0.011284
2015-07-22,277.221985,0.005036
2015-07-23,276.049011,-0.004231
2015-07-24,288.278015,0.0443
2015-07-25,288.696991,0.001453
2015-07-26,292.686005,0.013817
2015-07-27,293.623993,0.003205
2015-07-28,294.427002,0.002735
2015-07-29,289.589996,-0.016429
2015-07-30,287.721985,-0.006451
2015-07-31,284.649994,-0.010677
2015-08-01,281.601013,-0.010711
2015-08-02,282.614014,0.003597
2015-08-03,281.22699,-0.004908
2015-08-04,285.217987,0.014191
2015-08-05,281.881989,-0.011696
2015-08-06,278.576996,-0.011725
2015-08-07,279.584991,0.003618
2015-08-08,260.997009,-0.066484
2015-08-09,265.083008,0.015655
2015-08-10,264.470001,-0.002313
2015-08-11,270.385986,0.022369
2015-08-12,266.376007,-0.014831
2015-08-13,264.079987,-0.008619
2015-08-14,265.679993,0.006059
2015-08-15,261.550995,-0.015541
2015-08-16,258.506989,-0.011638
2015-08-17,257.976013,-0.002054
2015-08-18,211.078995,-0.181788
2015-08-19,226.684006,0.07393
2015-08-20,235.350006,0.038229
2015-08-21,232.569,-0.011816
2015-08-22,230.389999,-0.009369
2015-08-23,228.169006,-0.00964
2015-08-24,210.494995,-0.07746
2015-08-25,221.608994,0.052799
2015-08-26,225.830994,0.019052
2015-08-27,224.768997,-0.004703
2015-08-28,231.395996,0.029484
2015-08-29,229.779999,-0.006984
2015-08-30,228.761002,-0.004435
2015-08-31,230.056,0.005661
2015-09-01,228.121002,-0.008411
2015-09-02,229.283997,0.005098
2015-09-03,227.182999,-0.009163
2015-09-04,230.298004,0.013711
2015-09-05,235.018997,0.020499
2015-09-06,239.839996,0.020513
2015-09-07,239.847,2.9e-05
2015-09-08,243.606995,0.015677
2015-09-09,238.167999,-0.022327
2015-09-10,238.477005,0.001297
2015-09-11,240.106995,0.006835
2015-09-12,235.229004,-0.020316
2015-09-13,230.511993,-0.020053
2015-09-14,230.643997,0.000573
2015-09-15,230.304001,-0.001474
2015-09-16,229.091003,-0.005267
2015-09-17,229.809998,0.003138
2015-09-18,232.975006,0.013772
2015-09-19,231.492996,-0.006361
2015-09-20,231.212006,-0.001214
2015-09-21,227.085007,-0.017849
2015-09-22,230.617996,0.015558
2015-09-23,230.283005,-0.001453
2015-09-24,234.529007,0.018438
2015-09-25,235.143997,0.002622
2015-09-26,234.339996,-0.003419
2015-09-27,232.757004,-0.006755
2015-09-28,239.141998,0.027432
2015-09-29,236.686996,-0.010266
2015-09-30,236.059998,-0.002649
2015-10-01,237.548996,0.006308
2015-10-02,237.292999,-0.001078
2015-10-03,238.729996,0.006056
2015-10-04,238.259003,-0.001973
2015-10-05,240.382996,0.008915
2015-10-06,246.063004,0.023629
2015-10-07,242.968994,-0.012574
2015-10-08,242.304001,-0.002737
2015-10-09,243.931,0.006715
2015-10-10,244.940994,0.00414
2015-10-11,247.050003,0.00861
2015-10-12,245.307999,-0.007051
2015-10-13,249.507996,0.017121
2015-10-14,251.988998,0.009944
2015-10-15,254.320007,0.00925
2015-10-16,262.868988,0.033615
2015-10-17,270.640015,0.029562
2015-10-18,261.643005,-0.033243
2015-10-19,263.437012,0.006857
2015-10-20,269.463013,0.022875
2015-10-21,266.272003,-0.011842
2015-10-22,274.02301,0.029109
2015-10-23,276.496002,0.009025
2015-10-24,281.653992,0.018655
2015-10-25,283.679993,0.007193
2015-10-26,285.299988,0.005711
2015-10-27,293.787994,0.029751
2015-10-28,304.618011,0.036863
2015-10-29,313.855011,0.030323
2015-10-30,328.015015,0.045116
2015-10-31,314.165985,-0.042221
2015-11-01,325.431,0.035857
2015-11-02,361.188995,0.109879
2015-11-03,403.416992,0.116914
2015-11-04,411.562988,0.020192
2015-11-05,386.354004,-0.061252
2015-11-06,374.470001,-0.030759
2015-11-07,386.481995,0.032077
2015-11-08,373.368011,-0.033932
2015-11-09,380.256989,0.018451
2015-11-10,336.819,-0.114233
2015-11-11,311.084015,-0.076406
2015-11-12,338.152008,0.087012
2015-11-13,336.752991,-0.004137
2015-11-14,332.906006,-0.011424
2015-11-15,320.165985,-0.038269
2015-11-16,330.751007,0.033061
2015-11-17,335.093994,0.013131
2015-11-18,334.589996,-0.001504
2015-11-19,326.148987,-0.025228
2015-11-20,322.022003,-0.012654
2015-11-21,326.927002,0.015232
2015-11-22,324.536011,-0.007314
2015-11-23,323.04599,-0.004591
2015-11-24,320.04599,-0.009287
2015-11-25,328.205994,0.025496
2015-11-26,352.68399,0.074581
2015-11-27,358.041992,0.015192
2015-11-28,357.381012,-0.001846
2015-11-29,371.294006,0.03893
2015-11-30,377.321014,0.016232
2015-12-01,362.488007,-0.039311
2015-12-02,359.187012,-0.009106
2015-12-03,361.04599,0.005176
2015-12-04,363.183014,0.005919
2015-12-05,388.949005,0.070945
2015-12-06,388.78299,-0.000427
2015-12-07,395.536011,0.01737
2015-12-08,415.562988,0.050633
2015-12-09,417.562988,0.004813
2015-12-10,415.479004,-0.004991
2015-12-11,451.937988,0.087752
2015-12-12,434.997009,-0.037485
2015-12-13,433.755005,-0.002855
2015-12-14,444.182007,0.024039
2015-12-15,465.321014,0.047591
2015-12-16,454.93399,-0.022322
2015-12-17,456.078003,0.002515
2015-12-18,463.615997,0.016528
2015-12-19,462.321991,-0.002791
2015-12-20,442.684998,-0.042475
2015-12-21,438.639008,-0.00914
2015-12-22,436.571991,-0.004712
2015-12-23,442.401001,0.013352
2015-12-24,454.984985,0.028445
2015-12-25,455.653015,0.001468
2015-12-26,417.273987,-0.084229
2015-12-27,422.822998,0.013298
2015-12-28,422.278992,-0.001287
2015-12-29,432.983002,0.025348
2015-12-30,426.619995,-0.014696
2015-12-31,430.566986,0.009252
2016-01-01,434.334015,0.008749
2016-01-02,433.437988,-0.002063
2016-01-03,430.010986,-0.007907
2016-01-04,433.091003,0.007163
2016-01-05,431.959991,-0.002611
2016-01-06,429.105011,-0.006609
2016-01-07,458.048004,0.06745
2016-01-08,453.230011,-0.010519
2016-01-09,447.610992,-0.012398
2016-01-10,447.990997,0.000849
2016-01-11,448.428009,0.000975
2016-01-12,435.690002,-0.028406
2016-01-13,432.371002,-0.007618
2016-01-14,430.306,-0.004776
2016-01-15,364.330994,-0.153321
2016-01-16,387.536011,0.063692
2016-01-17,382.299011,-0.013514
2016-01-18,387.167999,0.012736
2016-01-19,380.148987,-0.018129
2016-01-20,420.230011,0.105435
2016-01-21,410.261993,-0.02372
2016-01-22,382.492004,-0.067688
2016-01-23,387.490997,0.01307
2016-01-24,402.971008,0.039949
2016-01-25,391.726013,-0.027905
2016-01-26,392.153015,0.00109
2016-01-27,394.971985,0.007188
2016-01-28,380.289001,-0.037175
2016-01-29,379.473999,-0.002143
2016-01-30,378.255005,-0.003212
2016-01-31,368.766998,-0.025084
2016-02-01,373.056,0.011631
2016-02-02,374.447998,0.003731
2016-02-03,369.949005,-0.012015
2016-02-04,389.593994,0.053102
2016-02-05,386.549011,-0.007816
2016-02-06,376.522003,-0.02594
2016-02-07,376.619995,0.00026
2016-02-08,373.446991,-0.008425
2016-02-09,376.028992,0.006914
2016-02-10,381.648987,0.014946
2016-02-11,379.653992,-0.005227
2016-02-12,384.263,0.01214
2016-02-13,391.859985,0.01977
2016-02-14,407.230011,0.039223
2016-02-15,400.184998,-0.0173
2016-02-16,407.488007,0.018249
2016-02-17,416.321991,0.021679
2016-02-18,422.372986,0.014534
2016-02-19,420.785004,-0.00376
2016-02-20,437.164001,0.038925
2016-02-21,438.798004,0.003738
2016-02-22,437.747986,-0.002393
2016-02-23,420.735992,-0.038863
2016-02-24,424.954987,0.010028
2016-02-25,424.544006,-0.000967
2016-02-26,432.152008,0.01792
2016-02-27,432.519012,0.000849
2016-02-28,433.503998,0.002277
2016-02-29,437.696991,0.009672
2016-03-01,435.122986,-0.005881
2016-03-02,423.989014,-0.025588
2016-03-03,421.651001,-0.005514
2016-03-04,410.938995,-0.025405
2016-03-05,400.570007,-0.025232
2016-03-06,407.707001,0.017817
2016-03-07,414.321014,0.016222
2016-03-08,413.971985,-0.000842
2016-03-09,414.859985,0.002145
2016-03-10,417.131012,0.005474
2016-03-11,421.690002,0.010929
2016-03-12,411.623993,-0.023871
2016-03-13,414.065002,0.00593
2016-03-14,416.437988,0.005731
2016-03-15,416.829987,0.000941
2016-03-16,417.010986,0.000434
2016-03-17,420.621002,0.008657
2016-03-18,409.548004,-0.026325
2016-03-19,410.444,0.002188
2016-03-20,413.755005,0.008067
2016-03-21,413.307007,-0.001083
2016-03-22,418.088989,0.01157
2016-03-23,418.040985,-0.000115
2016-03-24,416.394012,-0.00394
2016-03-25,417.177002,0.00188
2016-03-26,417.945007,0.001841
2016-03-27,426.765015,0.021103
2016-03-28,424.230988,-0.005938
2016-03-29,416.515991,-0.018186
2016-03-30,414.81601,-0.004081
2016-03-31,416.729004,0.004612
2016-04-01,417.959991,0.002954
2016-04-02,420.872986,0.00697
2016-04-03,420.903992,7.4e-05
2016-04-04,421.444,0.001283
2016-04-05,424.029999,0.006136
2016-04-06,423.412994,-0.001455
2016-04-07,422.744995,-0.001578
2016-04-08,420.348999,-0.005668
2016-04-09,419.411011,-0.002231
2016-04-10,421.563995,0.005133
2016-04-11,422.483002,0.00218
2016-04-12,425.190002,0.006407
2016-04-13,423.734009,-0.003424
2016-04-14,424.282013,0.001293
2016-04-15,429.713013,0.0128
2016-04-16,430.571991,0.001999
2016-04-17,427.398987,-0.007369
2016-04-18,428.591003,0.002789
2016-04-19,435.509003,0.016141
2016-04-20,441.389008,0.013501
2016-04-21,449.424988,0.018206
2016-04-22,445.737,-0.008206
2016-04-23,450.282013,0.010197
2016-04-24,458.554993,0.018373
2016-04-25,461.425995,0.006261
2016-04-26,466.088989,0.010106
2016-04-27,444.687012,-0.045918
2016-04-28,449.010986,0.009724
2016-04-29,455.096985,0.013554
2016-04-30,448.317993,-0.014896
2016-05-01,451.875,0.007934
2016-05-02,444.669006,-0.015947
2016-05-03,450.303986,0.012672
2016-05-04,446.721985,-0.007955
2016-05-05,447.976013,0.002807
2016-05-06,459.602997,0.025954
2016-05-07,458.536011,-0.002322
2016-05-08,458.548004,2.6e-05
2016-05-09,460.483002,0.00422
2016-05-10,450.894989,-0.020822
2016-05-11,452.727997,0.004065
2016-05-12,454.765991,0.004502
2016-05-13,455.670013,0.001988
2016-05-14,455.67099,2e-06
2016-05-15,457.567993,0.004163
2016-05-16,454.162994,-0.007442
2016-05-17,453.78299,-0.000837
2016-05-18,454.618988,0.001842
2016-05-19,438.714996,-0.034983
2016-05-20,442.675995,0.009029
2016-05-21,443.187988,0.001157
2016-05-22,439.322998,-0.008721
2016-05-23,444.154999,0.010999
2016-05-24,445.980988,0.004111
2016-05-25,449.598999,0.008112
2016-05-26,453.384003,0.008419
2016-05-27,473.463989,0.044289
2016-05-28,530.039978,0.119494
2016-05-29,526.232971,-0.007182
2016-05-30,533.864014,0.014501
2016-05-31,531.385986,-0.004642
2016-06-01,536.919983,0.010414
2016-06-02,537.971985,0.001959
2016-06-03,569.19397,0.058036
2016-06-04,572.72699,0.006207
2016-06-05,574.97699,0.003929
2016-06-06,585.536987,0.018366
2016-06-07,576.596985,-0.015268
2016-06-08,581.64502,0.008755
2016-06-09,574.630005,-0.012061
2016-06-10,577.469971,0.004942
2016-06-11,606.72699,0.050664
2016-06-12,672.783997,0.108874
2016-06-13,704.375977,0.046957
2016-06-14,685.559021,-0.026714
2016-06-15,694.468994,0.012997
2016-06-16,766.307983,0.103444
2016-06-17,748.908997,-0.022705
2016-06-18,756.22699,0.009772
2016-06-19,763.781006,0.009989
2016-06-20,737.226013,-0.034768
2016-06-21,666.651978,-0.095729
2016-06-22,596.116028,-0.105806
2016-06-23,623.97699,0.046737
2016-06-24,665.299011,0.066224
2016-06-25,665.122986,-0.000265
2016-06-26,629.367004,-0.053758
2016-06-27,655.275024,0.041165
2016-06-28,647.000977,-0.012627
2016-06-29,639.890015,-0.010991
2016-06-30,673.336975,0.05227
2016-07-01,676.296021,0.004395
2016-07-02,703.702026,0.040524
2016-07-03,658.664001,-0.064002
2016-07-04,683.661987,0.037953
2016-07-05,670.627014,-0.019066
2016-07-06,677.330994,0.009997
2016-07-07,640.562012,-0.054285
2016-07-08,666.52301,0.040528
2016-07-09,650.960022,-0.02335
2016-07-10,649.359985,-0.002458
2016-07-11,647.658997,-0.002619
2016-07-12,664.551025,0.026082
2016-07-13,654.468018,-0.015173
2016-07-14,658.078003,0.005516
2016-07-15,663.255005,0.007867
2016-07-16,660.767029,-0.003751
2016-07-17,679.458984,0.028288
2016-07-18,673.106018,-0.00935
2016-07-19,672.864014,-0.00036
2016-07-20,665.684998,-0.010669
2016-07-21,665.012024,-0.001011
2016-07-22,650.619019,-0.021643
2016-07-23,655.55603,0.007588
2016-07-24,661.284973,0.008739
2016-07-25,654.096985,-0.01087
2016-07-26,651.783997,-0.003536
2016-07-27,654.35199,0.00394
2016-07-28,655.034973,0.001044
2016-07-29,656.992004,0.002988
2016-07-30,655.046997,-0.00296
2016-07-31,624.68103,-0.046357
2016-08-01,606.271973,-0.02947
2016-08-02,547.465027,-0.096998
2016-08-03,566.35498,0.034504
2016-08-04,578.289001,0.021072
2016-08-05,575.04303,-0.005613
2016-08-06,587.778015,0.022146
2016-08-07,592.690002,0.008357
2016-08-08,591.054016,-0.00276
2016-08-09,587.801025,-0.005504
2016-08-10,592.103027,0.007319
2016-08-11,589.119995,-0.005038
2016-08-12,587.559021,-0.00265
2016-08-13,585.588013,-0.003355
2016-08-14,570.473022,-0.025812
2016-08-15,567.23999,-0.005667
2016-08-16,577.439026,0.01798
2016-08-17,573.216003,-0.007313
2016-08-18,574.317993,0.001922
2016-08-19,575.630005,0.002284
2016-08-20,581.697021,0.01054
2016-08-21,581.307983,-0.000669
2016-08-22,586.752991,0.009367
2016-08-23,583.414978,-0.005689
2016-08-24,580.182007,-0.005541
2016-08-25,577.760986,-0.004173
2016-08-26,579.651001,0.003271
2016-08-27,569.947021,-0.016741
2016-08-28,573.911987,0.006957
2016-08-29,574.106995,0.00034
2016-08-30,577.502991,0.005915
2016-08-31,575.471985,-0.003517
2016-09-01,572.302979,-0.005507
2016-09-02,575.536987,0.005651
2016-09-03,598.211975,0.039398
2016-09-04,608.633972,0.017422
2016-09-05,606.590027,-0.003358
2016-09-06,610.435974,0.00634
2016-09-07,614.544006,0.00673
2016-09-08,626.315979,0.019156
2016-09-09,622.861023,-0.005516
2016-09-10,623.508972,0.00104
2016-09-11,606.718994,-0.026928
2016-09-12,608.242981,0.002512
2016-09-13,609.241028,0.001641
2016-09-14,610.684021,0.002369
2016-09-15,607.155029,-0.005779
2016-09-16,606.973022,-0.0003
2016-09-17,605.984009,-0.001629
2016-09-18,609.874023,0.006419
2016-09-19,609.22699,-0.001061
2016-09-20,608.312012,-0.001502
2016-09-21,597.148987,-0.018351
2016-09-22,596.297974,-0.001425
2016-09-23,602.84198,0.010974
2016-09-24,602.625,-0.00036
2016-09-25,600.825989,-0.002985
2016-09-26,608.04303,0.012012
2016-09-27,606.166016,-0.003087
2016-09-28,604.728027,-0.002372
2016-09-29,605.692993,0.001596
2016-09-30,609.734985,0.006673
2016-10-01,613.982971,0.006967
2016-10-02,610.892029,-0.005034
2016-10-03,612.132996,0.002031
2016-10-04,610.203979,-0.003151
2016-10-05,612.510986,0.003781
2016-10-06,613.020996,0.000833
2016-10-07,617.120972,0.006688
2016-10-08,619.107971,0.00322
2016-10-09,616.752014,-0.003805
2016-10-10,618.994019,0.003635
2016-10-11,641.072021,0.035668
2016-10-12,636.192017,-0.007612
2016-10-13,636.786011,0.000934
2016-10-14,640.377991,0.005641
2016-10-15,638.645996,-0.002705
2016-10-16,641.630981,0.004674
2016-10-17,639.192993,-0.0038
2016-10-18,637.960022,-0.001929
2016-10-19,630.52002,-0.011662
2016-10-20,630.856995,0.000534
2016-10-21,632.828003,0.003124
2016-10-22,657.294006,0.038661
2016-10-23,657.070984,-0.000339
2016-10-24,653.760986,-0.005038
2016-10-25,657.588013,0.005854
2016-10-26,678.304016,0.031503
2016-10-27,688.312988,0.014756
2016-10-28,689.651001,0.001944
2016-10-29,714.479004,0.036001
2016-10-30,701.864014,-0.017656
2016-10-31,700.971985,-0.001271
2016-11-01,729.79303,0.041116
2016-11-02,740.828979,0.015122
2016-11-03,688.700012,-0.070366
2016-11-04,703.234985,0.021105
2016-11-05,703.41803,0.00026
2016-11-06,711.521973,0.011521
2016-11-07,703.130981,-0.011793
2016-11-08,709.848022,0.009553
2016-11-09,723.27301,0.018912
2016-11-10,715.533997,-0.0107
2016-11-11,716.411011,0.001226
2016-11-12,705.054016,-0.015853
2016-11-13,702.031006,-0.004288
2016-11-14,705.020996,0.004259
2016-11-15,711.619019,0.009359
2016-11-16,744.197998,0.045781
2016-11-17,740.97699,-0.004328
2016-11-18,751.585022,0.014316
2016-11-19,751.616028,4.1e-05
2016-11-20,731.026001,-0.027394
2016-11-21,739.247986,0.011247
2016-11-22,751.346985,0.016367
2016-11-23,744.593994,-0.008988
2016-11-24,740.289001,-0.005782
2016-11-25,741.648987,0.001837
2016-11-26,735.382019,-0.00845
2016-11-27,732.034973,-0.004551
2016-11-28,735.812988,0.005161
2016-11-29,735.604004,-0.000284
2016-11-30,745.690979,0.013713
2016-12-01,756.773987,0.014863
2016-12-02,777.94397,0.027974
2016-12-03,771.155029,-0.008727
2016-12-04,773.872009,0.003523
2016-12-05,758.700012,-0.019605
2016-12-06,764.223999,0.007281
2016-12-07,768.132019,0.005114
2016-12-08,770.809998,0.003486
2016-12-09,772.794006,0.002574
2016-12-10,774.650024,0.002402
2016-12-11,769.731018,-0.00635
2016-12-12,780.086975,0.013454
2016-12-13,780.55603,0.000601
2016-12-14,781.481018,0.001185
2016-12-15,778.088013,-0.004342
2016-12-16,784.906982,0.008764
2016-12-17,790.828979,0.007545
2016-12-18,790.530029,-0.000378
2016-12-19,792.713989,0.002763
2016-12-20,800.875977,0.010296
2016-12-21,834.281006,0.041711
2016-12-22,864.539978,0.03627
2016-12-23,921.984009,0.066445
2016-12-24,898.822021,-0.025122
2016-12-25,896.182983,-0.002936
2016-12-26,907.609985,0.012751
2016-12-27,933.197998,0.028193
2016-12-28,975.921021,0.045781
2016-12-29,973.497009,-0.002484
2016-12-30,961.237976,-0.012593
2016-12-31,963.742981,0.002606
2017-01-01,998.325012,0.035883
2017-01-02,1021.75,0.023464
2017-01-03,1043.839966,0.02162
2017-01-04,1154.72998,0.106233
2017-01-05,1013.380005,-0.12241
2017-01-06,902.200989,-0.109711
2017-01-07,908.585022,0.007076
2017-01-08,911.198975,0.002877
2017-01-09,902.828003,-0.009187
2017-01-10,907.679016,0.005373
2017-01-11,777.757019,-0.143136
2017-01-12,804.833984,0.034814
2017-01-13,823.984009,0.023794
2017-01-14,818.411987,-0.006762
2017-01-15,821.797974,0.004137
2017-01-16,831.533997,0.011847
2017-01-17,907.937988,0.091883
2017-01-18,886.617981,-0.023482
2017-01-19,899.072998,0.014048
2017-01-20,895.026001,-0.004501
2017-01-21,921.789001,0.029902
2017-01-22,924.672974,0.003129
2017-01-23,921.012024,-0.003959
2017-01-24,892.687012,-0.030754
2017-01-25,901.541992,0.009919
2017-01-26,917.585999,0.017796
2017-01-27,919.75,0.002358
2017-01-28,921.590027,0.002001
2017-01-29,919.495972,-0.002272
2017-01-30,920.382019,0.000964
2017-01-31,970.403015,0.054348
2017-02-01,989.02301,0.019188
2017-02-02,1011.799988,0.02303
2017-02-03,1029.910034,0.017899
2017-02-04,1042.900024,0.012613
2017-02-05,1027.339966,-0.01492
2017-02-06,1038.150024,0.010522
2017-02-07,1061.349976,0.022347
2017-02-08,1063.069946,0.001621
2017-02-09,994.382996,-0.064612
2017-02-10,988.674011,-0.005741
2017-02-11,1004.450012,0.015957
2017-02-12,999.18103,-0.005246
2017-02-13,990.642029,-0.008546
2017-02-14,1004.549988,0.014039
2017-02-15,1007.47998,0.002917
2017-02-16,1027.439941,0.019812
2017-02-17,1046.209961,0.018269
2017-02-18,1054.420044,0.007847
2017-02-19,1047.869995,-0.006212
2017-02-20,1079.97998,0.030643
2017-02-21,1115.300049,0.032704
2017-02-22,1117.439941,0.001919
2017-02-23,1166.719971,0.044101
2017-02-24,1173.680054,0.005966
2017-02-25,1143.839966,-0.025424
2017-02-26,1165.199951,0.018674
2017-02-27,1179.969971,0.012676
2017-02-28,1179.969971,0.0
2017-03-01,1222.5,0.036043
2017-03-02,1251.01001,0.023321
2017-03-03,1274.98999,0.019168
2017-03-04,1255.150024,-0.015561
2017-03-05,1267.119995,0.009537
2017-03-06,1272.829956,0.004506
2017-03-07,1223.540039,-0.038725
2017-03-08,1150.0,-0.060104
2017-03-09,1188.48999,0.03347
2017-03-10,1116.719971,-0.060388
2017-03-11,1175.829956,0.052932
2017-03-12,1221.380005,0.038739
2017-03-13,1231.920044,0.00863
2017-03-14,1240.0,0.006559
2017-03-15,1249.609985,0.00775
2017-03-16,1187.810059,-0.049455
2017-03-17,1100.22998,-0.073732
2017-03-18,973.817993,-0.114896
2017-03-19,1036.73999,0.064614
2017-03-20,1054.22998,0.01687
2017-03-21,1120.540039,0.062899
2017-03-22,1049.140015,-0.063719
2017-03-23,1038.589966,-0.010056
2017-03-24,937.52002,-0.097315
2017-03-25,972.778992,0.037609
2017-03-26,966.724976,-0.006223
2017-03-27,1045.77002,0.081766
2017-03-28,1047.150024,0.00132
2017-03-29,1039.969971,-0.006857
2017-03-30,1026.430054,-0.01302
2017-03-31,1071.790039,0.044192
2017-04-01,1080.5,0.008127
2017-04-02,1102.170044,0.020056
2017-04-03,1143.810059,0.03778
2017-04-04,1133.25,-0.009232
2017-04-05,1124.780029,-0.007474
2017-04-06,1182.680054,0.051477
2017-04-07,1176.900024,-0.004887
2017-04-08,1175.949951,-0.000807
2017-04-09,1187.869995,0.010137
2017-04-10,1187.130005,-0.000623
2017-04-11,1205.01001,0.015062
2017-04-12,1200.369995,-0.003851
2017-04-13,1169.280029,-0.0259
2017-04-14,1167.540039,-0.001488
2017-04-15,1172.52002,0.004265
2017-04-16,1182.939941,0.008887
2017-04-17,1193.910034,0.009274
2017-04-18,1211.670044,0.014876
2017-04-19,1210.290039,-0.001139
2017-04-20,1229.079956,0.015525
2017-04-21,1222.050049,-0.00572
2017-04-22,1231.709961,0.007905
2017-04-23,1207.209961,-0.019891
2017-04-24,1250.150024,0.03557
2017-04-25,1265.48999,0.01227
2017-04-26,1281.079956,0.012319
2017-04-27,1317.72998,0.028609
2017-04-28,1316.47998,-0.000949
2017-04-29,1321.790039,0.004034
2017-04-30,1347.890015,0.019746
2017-05-01,1421.599976,0.054685
2017-05-02,1452.819946,0.021961
2017-05-03,1490.089966,0.025654
2017-05-04,1537.670044,0.031931
2017-05-05,1555.449951,0.011563
2017-05-06,1578.800049,0.015012
2017-05-07,1596.709961,0.011344
2017-05-08,1723.349976,0.079313
2017-05-09,1755.359985,0.018574
2017-05-10,1787.130005,0.018099
2017-05-11,1848.569946,0.034379
2017-05-12,1724.23999,-0.067257
2017-05-13,1804.910034,0.046786
2017-05-14,1808.910034,0.002216
2017-05-15,1738.430054,-0.038963
2017-05-16,1734.449951,-0.002289
2017-05-17,1839.089966,0.06033
2017-05-18,1888.650024,0.026948
2017-05-19,1987.709961,0.05245
2017-05-20,2084.72998,0.04881
2017-05-21,2041.199951,-0.02088
2017-05-22,2173.399902,0.064766
2017-05-23,2320.419922,0.067645
2017-05-24,2443.639893,0.053102
2017-05-25,2304.97998,-0.056743
2017-05-26,2202.419922,-0.044495
2017-05-27,2038.869995,-0.074259
2017-05-28,2155.800049,0.05735
2017-05-29,2255.610107,0.046298
2017-05-30,2175.469971,-0.035529
2017-05-31,2286.409912,0.050996
2017-06-01,2407.879883,0.053127
2017-06-02,2488.550049,0.033503
2017-06-03,2515.350098,0.010769
2017-06-04,2511.810059,-0.001407
2017-06-05,2686.810059,0.069671
2017-06-06,2863.199951,0.06565
2017-06-07,2732.159912,-0.045767
2017-06-08,2805.620117,0.026887
2017-06-09,2823.810059,0.006483
2017-06-10,2947.709961,0.043877
2017-06-11,2958.110107,0.003528
2017-06-12,2659.629883,-0.100902
2017-06-13,2717.02002,0.021578
2017-06-14,2506.370117,-0.07753
2017-06-15,2464.580078,-0.016674
2017-06-16,2518.560059,0.021902
2017-06-17,2655.879883,0.054523
2017-06-18,2548.290039,-0.04051
2017-06-19,2589.600098,0.016211
2017-06-20,2721.790039,0.051046
2017-06-21,2689.100098,-0.01201
2017-06-22,2705.409912,0.006065
2017-06-23,2744.909912,0.0146
2017-06-24,2608.719971,-0.049615
2017-06-25,2589.409912,-0.007402
2017-06-26,2478.449951,-0.042851
2017-06-27,2552.449951,0.029857
2017-06-28,2574.790039,0.008752
2017-06-29,2539.320068,-0.013776
2017-06-30,2480.840088,-0.02303
2017-07-01,2434.550049,-0.018659
2017-07-02,2506.469971,0.029541
2017-07-03,2564.060059,0.022977
2017-07-04,2601.639893,0.014656
2017-07-05,2601.98999,0.000135
2017-07-06,2608.560059,0.002525
2017-07-07,2518.659912,-0.034464
2017-07-08,2571.340088,0.020916
2017-07-09,2518.439941,-0.020573
2017-07-10,2372.560059,-0.057925
2017-07-11,2337.790039,-0.014655
2017-07-12,2398.840088,0.026114
2017-07-13,2357.899902,-0.017067
2017-07-14,2233.340088,-0.052827
2017-07-15,1998.859985,-0.104991
2017-07-16,1929.819946,-0.03454
2017-07-17,2228.409912,0.154724
2017-07-18,2318.879883,0.040598
2017-07-19,2273.429932,-0.0196
2017-07-20,2817.600098,0.239361
2017-07-21,2667.76001,-0.05318
2017-07-22,2810.120117,0.053363
2017-07-23,2730.399902,-0.028369
2017-07-24,2754.860107,0.008958
2017-07-25,2576.47998,-0.064751
2017-07-26,2529.449951,-0.018254
2017-07-27,2671.780029,0.056269
2017-07-28,2809.01001,0.051363
2017-07-29,2726.449951,-0.029391
2017-07-30,2757.179932,0.011271
2017-07-31,2875.340088,0.042855
2017-08-01,2718.26001,-0.05463
2017-08-02,2710.669922,-0.002792
2017-08-03,2804.72998,0.0347
2017-08-04,2895.889893,0.032502
2017-08-05,3252.909912,0.123285
2017-08-06,3213.939941,-0.01198
2017-08-07,3378.939941,0.051339
2017-08-08,3419.939941,0.012134
2017-08-09,3342.469971,-0.022652
2017-08-10,3381.280029,0.011611
2017-08-11,3650.620117,0.079656
2017-08-12,3884.709961,0.064123
2017-08-13,4073.26001,0.048536
2017-08-14,4325.129883,0.061835
2017-08-15,4181.930176,-0.033109
2017-08-16,4376.629883,0.046557
2017-08-17,4331.689941,-0.010268
2017-08-18,4160.620117,-0.039493
2017-08-19,4193.700195,0.007951
2017-08-20,4087.659912,-0.025286
2017-08-21,4001.73999,-0.021019
2017-08-22,4100.52002,0.024684
2017-08-23,4151.52002,0.012437
2017-08-24,4334.680176,0.044119
2017-08-25,4371.600098,0.008517
2017-08-26,4352.399902,-0.004392
2017-08-27,4382.879883,0.007003
2017-08-28,4382.660156,-5e-05
2017-08-29,4579.02002,0.044804
2017-08-30,4565.299805,-0.002996
2017-08-31,4703.390137,0.030248
2017-09-01,4892.009766,0.040103
2017-09-02,4578.77002,-0.064031
2017-09-03,4582.959961,0.000915
2017-09-04,4236.310059,-0.075639
2017-09-05,4376.529785,0.033099
2017-09-06,4597.120117,0.050403
2017-09-07,4599.879883,0.0006
2017-09-08,4228.75,-0.080683
2017-09-09,4226.060059,-0.000636
2017-09-10,4122.939941,-0.024401
2017-09-11,4161.27002,0.009297
2017-09-12,4130.810059,-0.00732
2017-09-13,3882.590088,-0.06009
2017-09-14,3154.949951,-0.187411
2017-09-15,3637.52002,0.152956
2017-09-16,3625.040039,-0.003431
2017-09-17,3582.879883,-0.01163
2017-09-18,4065.199951,0.134618
2017-09-19,3924.969971,-0.034495
2017-09-20,3905.949951,-0.004846
2017-09-21,3631.040039,-0.070382
2017-09-22,3630.699951,-9.4e-05
2017-09-23,3792.399902,0.044537
2017-09-24,3682.840088,-0.028889
2017-09-25,3926.070068,0.066044
2017-09-26,3892.350098,-0.008589
2017-09-27,4200.669922,0.079212
2017-09-28,4174.72998,-0.006175
2017-09-29,4163.069824,-0.002793
2017-09-30,4338.709961,0.04219
2017-10-01,4403.740234,0.014988
2017-10-02,4409.319824,0.001267
2017-10-03,4317.47998,-0.020829
2017-10-04,4229.359863,-0.02041
2017-10-05,4328.410156,0.02342
2017-10-06,4370.810059,0.009796
2017-10-07,4426.890137,0.012831
2017-10-08,4610.47998,0.041472
2017-10-09,4772.02002,0.035038
2017-10-10,4781.990234,0.002089
2017-10-11,4826.47998,0.009304
2017-10-12,5446.910156,0.128547
2017-10-13,5647.209961,0.036773
2017-10-14,5831.790039,0.032685
2017-10-15,5678.189941,-0.026338
2017-10-16,5725.589844,0.008348
2017-10-17,5605.509766,-0.020973
2017-10-18,5590.689941,-0.002644
2017-10-19,5708.52002,0.021076
2017-10-20,6011.450195,0.053066
2017-10-21,6031.600098,0.003352
2017-10-22,6008.419922,-0.003843
2017-10-23,5930.319824,-0.012998
2017-10-24,5526.640137,-0.06807
2017-10-25,5750.799805,0.04056
2017-10-26,5904.830078,0.026784
2017-10-27,5780.899902,-0.020988
2017-10-28,5753.089844,-0.004811
2017-10-29,6153.850098,0.06966
2017-10-30,6130.529785,-0.00379
2017-10-31,6468.399902,0.055113
2017-11-01,6767.310059,0.046211
2017-11-02,7078.5,0.045984
2017-11-03,7207.759766,0.018261
2017-11-04,7379.950195,0.02389
2017-11-05,7407.410156,0.003721
2017-11-06,7022.759766,-0.051928
2017-11-07,7144.379883,0.017318
2017-11-08,7459.689941,0.044134
2017-11-09,7143.580078,-0.042376
2017-11-10,6618.140137,-0.073554
2017-11-11,6357.600098,-0.039368
2017-11-12,5950.069824,-0.064101
2017-11-13,6559.490234,0.102422
2017-11-14,6635.75,0.011626
2017-11-15,7315.540039,0.102444
2017-11-16,7871.689941,0.076023
2017-11-17,7708.990234,-0.020669
2017-11-18,7790.149902,0.010528
2017-11-19,8036.490234,0.031622
2017-11-20,8200.639648,0.020426
2017-11-21,8071.259766,-0.015777
2017-11-22,8253.549805,0.022585
2017-11-23,8038.77002,-0.026023
2017-11-24,8253.69043,0.026735
2017-11-25,8790.919922,0.06509
2017-11-26,9330.549805,0.061385
2017-11-27,9818.349609,0.05228
2017-11-28,10058.799805,0.02449
2017-11-29,9888.610352,-0.016919
2017-11-30,10233.599609,0.034888
2017-12-01,10975.599609,0.072506
2017-12-02,11074.599609,0.00902
2017-12-03,11323.200195,0.022448
2017-12-04,11657.200195,0.029497
2017-12-05,11916.700195,0.022261
2017-12-06,14291.5,0.199283
2017-12-07,17899.699219,0.252472
2017-12-08,16569.400391,-0.07432
2017-12-09,15178.200195,-0.083962
2017-12-10,15455.400391,0.018263
2017-12-11,16936.800781,0.09585
2017-12-12,17415.400391,0.028258
2017-12-13,16408.199219,-0.057834
2017-12-14,16564.0,0.009495
2017-12-15,17706.900391,0.068999
2017-12-16,19497.400391,0.101119
2017-12-17,19140.800781,-0.01829
2017-12-18,19114.199219,-0.00139
2017-12-19,17776.699219,-0.069974
2017-12-20,16624.599609,-0.06481
2017-12-21,15802.900391,-0.049427
2017-12-22,13831.799805,-0.12473
2017-12-23,14699.200195,0.062711
2017-12-24,13925.799805,-0.052615
2017-12-25,14026.599609,0.007238
2017-12-26,16099.799805,0.147805
2017-12-27,15838.5,-0.01623
2017-12-28,14606.5,-0.077785
2017-12-29,14656.200195,0.003403
2017-12-30,12952.200195,-0.116265
2017-12-31,14156.400391,0.092973
2018-01-01,13657.200195,-0.035263
2018-01-02,14982.099609,0.097011
2018-01-03,15201.0,0.014611
2018-01-04,15599.200195,0.026196
2018-01-05,17429.5,0.117333
2018-01-06,17527.0,0.005594
2018-01-07,16477.599609,-0.059873
2018-01-08,15170.099609,-0.07935
2018-01-09,14595.400391,-0.037884
2018-01-10,14973.299805,0.025892
2018-01-11,13405.799805,-0.104686
2018-01-12,13980.599609,0.042877
2018-01-13,14360.200195,0.027152
2018-01-14,13772.0,-0.04096
2018-01-15,13819.799805,0.003471
2018-01-16,11490.5,-0.168548
2018-01-17,11188.599609,-0.026274
2018-01-18,11474.900391,0.025589
2018-01-19,11607.400391,0.011547
2018-01-20,12899.200195,0.111291
2018-01-21,11600.099609,-0.100712
2018-01-22,10931.400391,-0.057646
2018-01-23,10868.400391,-0.005763
2018-01-24,11359.400391,0.045177
2018-01-25,11259.400391,-0.008803
2018-01-26,11171.400391,-0.007816
2018-01-27,11440.700195,0.024106
2018-01-28,11786.299805,0.030208
2018-01-29,11296.400391,-0.041565
2018-01-30,10106.299805,-0.105352
2018-01-31,10221.099609,0.011359
2018-02-01,9170.540039,-0.102783
2018-02-02,8830.75,-0.037052
2018-02-03,9174.910156,0.038973
2018-02-04,8277.009766,-0.097865
2018-02-05,6955.27002,-0.159688
2018-02-06,7754.0,0.114838
2018-02-07,7621.299805,-0.017114
2018-02-08,8265.589844,0.084538
2018-02-09,8736.980469,0.05703
2018-02-10,8621.900391,-0.013172
2018-02-11,8129.970215,-0.057056
2018-02-12,8926.570312,0.097983
2018-02-13,8598.30957,-0.036773
2018-02-14,9494.629883,0.104244
2018-02-15,10166.400391,0.070753
2018-02-16,10233.900391,0.00664
2018-02-17,11112.700195,0.085871
2018-02-18,10551.799805,-0.050474
2018-02-19,11225.299805,0.063828
2018-02-20,11403.700195,0.015893
2018-02-21,10690.400391,-0.06255
2018-02-22,10005.0,-0.064114
2018-02-23,10301.099609,0.029595
2018-02-24,9813.070312,-0.047376
2018-02-25,9664.730469,-0.015117
2018-02-26,10366.700195,0.072632
2018-02-27,10725.599609,0.03462
2018-02-28,10397.900391,-0.030553
2018-03-01,10951.0,0.053193
2018-03-02,11086.400391,0.012364
2018-03-03,11489.700195,0.036378
2018-03-04,11512.599609,0.001993
2018-03-05,11573.299805,0.005273
2018-03-06,10779.900391,-0.068554
2018-03-07,9965.570312,-0.075542
2018-03-08,9395.009766,-0.057253
2018-03-09,9337.549805,-0.006116
2018-03-10,8866.0,-0.0505
2018-03-11,9578.629883,0.080378
2018-03-12,9205.120117,-0.038994
2018-03-13,9194.849609,-0.001116
2018-03-14,8269.80957,-0.100604
2018-03-15,8300.860352,0.003755
2018-03-16,8338.349609,0.004516
2018-03-17,7916.879883,-0.050546
2018-03-18,8223.679688,0.038753
2018-03-19,8630.650391,0.049488
2018-03-20,8913.469727,0.032769
2018-03-21,8929.280273,0.001774
2018-03-22,8728.469727,-0.022489
2018-03-23,8879.620117,0.017317
2018-03-24,8668.120117,-0.023819
2018-03-25,8495.780273,-0.019882
2018-03-26,8209.400391,-0.033708
2018-03-27,7833.040039,-0.045845
2018-03-28,7954.47998,0.015504
2018-03-29,7165.700195,-0.099162
2018-03-30,6890.52002,-0.038402
2018-03-31,6973.529785,0.012047
2018-04-01,6844.22998,-0.018542
2018-04-02,7083.799805,0.035003
2018-04-03,7456.109863,0.052558
2018-04-04,6853.839844,-0.080775
2018-04-05,6811.470215,-0.006182
2018-04-06,6636.319824,-0.025714
2018-04-07,6911.089844,0.041404
2018-04-08,7023.52002,0.016268
2018-04-09,6770.72998,-0.035992
2018-04-10,6834.759766,0.009457
2018-04-11,6968.319824,0.019541
2018-04-12,7889.25,0.13216
2018-04-13,7895.959961,0.000851
2018-04-14,7986.240234,0.011434
2018-04-15,8329.110352,0.042933
2018-04-16,8058.669922,-0.032469
2018-04-17,7902.089844,-0.01943
2018-04-18,8163.419922,0.033071
2018-04-19,8294.30957,0.016034
2018-04-20,8845.830078,0.066494
2018-04-21,8895.580078,0.005624
2018-04-22,8802.459961,-0.010468
2018-04-23,8930.879883,0.014589
2018-04-24,9697.5,0.085839
2018-04-25,8845.740234,-0.087833
2018-04-26,9281.509766,0.049263
2018-04-27,8987.049805,-0.031725
2018-04-28,9348.480469,0.040217
2018-04-29,9419.080078,0.007552
2018-04-30,9240.549805,-0.018954
2018-05-01,9119.009766,-0.013153
2018-05-02,9235.919922,0.01282
2018-05-03,9743.860352,0.054996
2018-05-04,9700.759766,-0.004423
2018-05-05,9858.150391,0.016225
2018-05-06,9654.799805,-0.020628
2018-05-07,9373.009766,-0.029187
2018-05-08,9234.820312,-0.014743
2018-05-09,9325.179688,0.009785
2018-05-10,9043.94043,-0.030159
2018-05-11,8441.490234,-0.066614
2018-05-12,8504.889648,0.00751
2018-05-13,8723.94043,0.025756
2018-05-14,8716.790039,-0.00082
2018-05-15,8510.379883,-0.02368
2018-05-16,8368.830078,-0.016633
2018-05-17,8094.319824,-0.032802
2018-05-18,8250.969727,0.019353
2018-05-19,8247.179688,-0.000459
2018-05-20,8513.25,0.032262
2018-05-21,8418.990234,-0.011072
2018-05-22,8041.779785,-0.044805
2018-05-23,7557.819824,-0.060181
2018-05-24,7587.339844,0.003906
2018-05-25,7480.140137,-0.014129
2018-05-26,7355.879883,-0.016612
2018-05-27,7368.220215,0.001678
2018-05-28,7135.990234,-0.031518
2018-05-29,7472.589844,0.047169
2018-05-30,7406.52002,-0.008842
2018-05-31,7494.169922,0.011834
2018-06-01,7541.450195,0.006309
2018-06-02,7643.450195,0.013525
2018-06-03,7720.25,0.010048
2018-06-04,7514.470215,-0.026655
2018-06-05,7633.759766,0.015875
2018-06-06,7653.97998,0.002649
2018-06-07,7678.240234,0.00317
2018-06-08,7624.919922,-0.006944
2018-06-09,7531.97998,-0.012189
2018-06-10,6786.02002,-0.099039
2018-06-11,6906.919922,0.017816
2018-06-12,6582.359863,-0.046991
2018-06-13,6349.899902,-0.035316
2018-06-14,6675.350098,0.051253
2018-06-15,6456.580078,-0.032773
2018-06-16,6550.160156,0.014494
2018-06-17,6499.27002,-0.007769
2018-06-18,6734.819824,0.036243
2018-06-19,6769.939941,0.005215
2018-06-20,6776.549805,0.000976
2018-06-21,6729.740234,-0.006908
2018-06-22,6083.689941,-0.095999
2018-06-23,6162.47998,0.012951
2018-06-24,6173.22998,0.001744
2018-06-25,6249.180176,0.012303
2018-06-26,6093.669922,-0.024885
2018-06-27,6157.129883,0.010414
2018-06-28,5903.439941,-0.041203
2018-06-29,6218.299805,0.053335
2018-06-30,6404.0,0.029863
2018-07-01,6385.819824,-0.002839
2018-07-02,6614.180176,0.035761
2018-07-03,6529.589844,-0.012789
2018-07-04,6597.549805,0.010408
2018-07-05,6639.140137,0.006304
2018-07-06,6673.5,0.005175
2018-07-07,6856.930176,0.027486
2018-07-08,6773.879883,-0.012112
2018-07-09,6741.75,-0.004743
2018-07-10,6329.950195,-0.061082
2018-07-11,6394.709961,0.010231
2018-07-12,6228.810059,-0.025943
2018-07-13,6238.049805,0.001483
2018-07-14,6276.120117,0.006103
2018-07-15,6359.640137,0.013308
2018-07-16,6741.75,0.060084
2018-07-17,7321.040039,0.085926
2018-07-18,7370.779785,0.006794
2018-07-19,7466.859863,0.013035
2018-07-20,7354.129883,-0.015097
2018-07-21,7419.290039,0.00886
2018-07-22,7418.490234,-0.000108
2018-07-23,7711.109863,0.039445
2018-07-24,8424.269531,0.092485
2018-07-25,8181.390137,-0.028831
2018-07-26,7951.580078,-0.028089
2018-07-27,8165.009766,0.026841
2018-07-28,8192.150391,0.003324
2018-07-29,8218.459961,0.003212
2018-07-30,8180.47998,-0.004621
2018-07-31,7780.439941,-0.048902
2018-08-01,7624.910156,-0.01999
2018-08-02,7567.149902,-0.007575
2018-08-03,7434.390137,-0.017544
2018-08-04,7032.850098,-0.054011
2018-08-05,7068.47998,0.005066
2018-08-06,6951.799805,-0.016507
2018-08-07,6753.120117,-0.02858
2018-08-08,6305.799805,-0.066239
2018-08-09,6568.22998,0.041617
2018-08-10,6184.709961,-0.05839
2018-08-11,6295.72998,0.017951
2018-08-12,6322.689941,0.004282
2018-08-13,6297.569824,-0.003973
2018-08-14,6199.709961,-0.015539
2018-08-15,6308.52002,0.017551
2018-08-16,6334.72998,0.004155
2018-08-17,6580.629883,0.038818
2018-08-18,6423.759766,-0.023838
2018-08-19,6506.069824,0.012813
2018-08-20,6308.529785,-0.030362
2018-08-21,6488.759766,0.028569
2018-08-22,6376.709961,-0.017268
2018-08-23,6534.879883,0.024804
2018-08-24,6719.959961,0.028322
2018-08-25,6763.189941,0.006433
2018-08-26,6707.259766,-0.00827
2018-08-27,6884.640137,0.026446
2018-08-28,7096.279785,0.030741
2018-08-29,7047.160156,-0.006922
2018-08-30,6978.22998,-0.009781
2018-08-31,7037.580078,0.008505
2018-09-01,7193.25,0.02212
2018-09-02,7272.720215,0.011048
2018-09-03,7260.060059,-0.001741
2018-09-04,7361.660156,0.013994
2018-09-05,6792.830078,-0.077269
2018-09-06,6529.169922,-0.038814
2018-09-07,6467.069824,-0.009511
2018-09-08,6225.97998,-0.03728
2018-09-09,6300.859863,0.012027
2018-09-10,6329.700195,0.004577
2018-09-11,6321.200195,-0.001343
2018-09-12,6351.799805,0.004841
2018-09-13,6517.310059,0.026057
2018-09-14,6512.709961,-0.000706
2018-09-15,6543.200195,0.004682
2018-09-16,6517.180176,-0.003977
2018-09-17,6281.200195,-0.036209
2018-09-18,6371.299805,0.014344
2018-09-19,6398.540039,0.004275
2018-09-20,6519.669922,0.018931
2018-09-21,6734.950195,0.03302
2018-09-22,6721.97998,-0.001926
2018-09-23,6710.629883,-0.001689
2018-09-24,6595.410156,-0.01717
2018-09-25,6446.470215,-0.022582
2018-09-26,6495.0,0.007528
2018-09-27,6676.75,0.027983
2018-09-28,6644.129883,-0.004886
2018-09-29,6601.959961,-0.006347
2018-09-30,6625.560059,0.003575
2018-10-01,6589.620117,-0.005424
2018-10-02,6556.100098,-0.005087
2018-10-03,6502.589844,-0.008162
2018-10-04,6576.689941,0.011395
2018-10-05,6622.47998,0.006962
2018-10-06,6588.310059,-0.00516
2018-10-07,6602.950195,0.002222
2018-10-08,6652.22998,0.007463
2018-10-09,6642.640137,-0.001442
2018-10-10,6585.529785,-0.008598
2018-10-11,6256.240234,-0.050002
2018-10-12,6274.580078,0.002931
2018-10-13,6285.990234,0.001818
2018-10-14,6290.930176,0.000786
2018-10-15,6596.540039,0.048579
2018-10-16,6596.109863,-6.5e-05
2018-10-17,6544.430176,-0.007835
2018-10-18,6476.709961,-0.010348
2018-10-19,6465.410156,-0.001745
2018-10-20,6489.189941,0.003678
2018-10-21,6482.350098,-0.001054
2018-10-22,6487.160156,0.000742
2018-10-23,6475.740234,-0.00176
2018-10-24,6495.839844,0.003104
2018-10-25,6476.290039,-0.00301
2018-10-26,6474.75,-0.000238
2018-10-27,6480.379883,0.00087
2018-10-28,6486.390137,0.000927
2018-10-29,6332.629883,-0.023705
2018-10-30,6334.27002,0.000259
2018-10-31,6317.609863,-0.00263
2018-11-01,6377.779785,0.009524
2018-11-02,6388.439941,0.001671
2018-11-03,6361.259766,-0.004255
2018-11-04,6376.129883,0.002338
2018-11-05,6419.660156,0.006827
2018-11-06,6461.009766,0.006441
2018-11-07,6530.140137,0.0107
2018-11-08,6453.720215,-0.011703
2018-11-09,6385.620117,-0.010552
2018-11-10,6409.220215,0.003696
2018-11-11,6411.27002,0.00032
2018-11-12,6371.27002,-0.006239
2018-11-13,6359.490234,-0.001849
2018-11-14,5738.350098,-0.097671
2018-11-15,5648.029785,-0.01574
2018-11-16,5575.549805,-0.012833
2018-11-17,5554.330078,-0.003806
2018-11-18,5623.540039,0.012461
2018-11-19,4871.490234,-0.133732
2018-11-20,4451.870117,-0.086138
2018-11-21,4602.169922,0.033761
2018-11-22,4365.939941,-0.05133
2018-11-23,4347.109863,-0.004313
2018-11-24,3880.76001,-0.107278
2018-11-25,4009.969971,0.033295
2018-11-26,3779.129883,-0.057567
2018-11-27,3820.719971,0.011005
2018-11-28,4257.419922,0.114298
2018-11-29,4278.84668,0.005033
2018-11-30,4017.268555,-0.061133
2018-12-01,4214.671875,0.049139
2018-12-02,4139.87793,-0.017746
2018-12-03,3894.130859,-0.059361
2018-12-04,3956.893799,0.016117
2018-12-05,3753.994873,-0.051277
2018-12-06,3521.101807,-0.062039
2018-12-07,3419.937256,-0.028731
2018-12-08,3476.114746,0.016426
2018-12-09,3614.234375,0.039734
2018-12-10,3502.656006,-0.030872
2018-12-11,3424.588135,-0.022288
2018-12-12,3486.950195,0.01821
2018-12-13,3313.677246,-0.049692
2018-12-14,3242.484863,-0.021484
2018-12-15,3236.761719,-0.001765
2018-12-16,3252.839111,0.004967
2018-12-17,3545.864746,0.090083
2018-12-18,3696.059082,0.042358
2018-12-19,3745.950684,0.013499
2018-12-20,4134.441406,0.10371
2018-12-21,3896.543701,-0.05754
2018-12-22,4014.182617,0.030191
2018-12-23,3998.980225,-0.003787
2018-12-24,4078.599121,0.01991
2018-12-25,3815.490723,-0.06451
2018-12-26,3857.297607,0.010957
2018-12-27,3654.833496,-0.052489
2018-12-28,3923.918701,0.073624
2018-12-29,3820.408691,-0.026379
2018-12-30,3865.952637,0.011921
2018-12-31,3742.700439,-0.031881
2019-01-01,3843.52002,0.026938
2019-01-02,3943.409424,0.025989
2019-01-03,3836.741211,-0.02705
2019-01-04,3857.717529,0.005467
2019-01-05,3845.19458,-0.003246
2019-01-06,4076.632568,0.060189
2019-01-07,4025.248291,-0.012605
2019-01-08,4030.8479,0.001391
2019-01-09,4035.296387,0.001104
2019-01-10,3678.924561,-0.088314
2019-01-11,3687.365479,0.002294
2019-01-12,3661.301025,-0.007069
2019-01-13,3552.953125,-0.029593
2019-01-14,3706.052246,0.043091
2019-01-15,3630.675293,-0.020339
2019-01-16,3655.006836,0.006702
2019-01-17,3678.563965,0.006445
2019-01-18,3657.839355,-0.005634
2019-01-19,3728.568359,0.019336
2019-01-20,3601.013672,-0.03421
2019-01-21,3576.032471,-0.006937
2019-01-22,3604.577148,0.007982
2019-01-23,3585.123047,-0.005397
2019-01-24,3600.865479,0.004391
2019-01-25,3599.765869,-0.000305
2019-01-26,3602.460449,0.000749
2019-01-27,3583.96582,-0.005134
2019-01-28,3470.450439,-0.031673
2019-01-29,3448.116943,-0.006435
2019-01-30,3486.181641,0.011039
2019-01-31,3457.792725,-0.008143
2019-02-01,3487.945312,0.00872
2019-02-02,3521.060791,0.009494
2019-02-03,3464.013428,-0.016202
2019-02-04,3459.154053,-0.001403
2019-02-05,3466.357422,0.002082
2019-02-06,3413.767822,-0.015171
2019-02-07,3399.47168,-0.004188
2019-02-08,3666.780273,0.078632
2019-02-09,3671.203613,0.001206
2019-02-10,3690.188232,0.005171
2019-02-11,3648.430664,-0.011316
2019-02-12,3653.528564,0.001397
2019-02-13,3632.070557,-0.005873
2019-02-14,3616.880859,-0.004182
2019-02-15,3620.810791,0.001087
2019-02-16,3629.787598,0.002479
2019-02-17,3673.836182,0.012135
2019-02-18,3915.714355,0.065838
2019-02-19,3947.094482,0.008014
2019-02-20,3999.820557,0.013358
2019-02-21,3954.118164,-0.011426
2019-02-22,4005.526611,0.013001
2019-02-23,4142.526855,0.034203
2019-02-24,3810.42749,-0.080168
2019-02-25,3882.696289,0.018966
2019-02-26,3854.35791,-0.007299
2019-02-27,3851.047363,-0.000859
2019-02-28,3854.7854,0.000971
2019-03-01,3859.58374,0.001245
2019-03-02,3864.415039,0.001252
2019-03-03,3847.175781,-0.004461
2019-03-04,3761.557129,-0.022255
2019-03-05,3896.375,0.035841
2019-03-06,3903.942627,0.001942
2019-03-07,3911.484375,0.001932
2019-03-08,3901.131592,-0.002647
2019-03-09,3963.313721,0.01594
2019-03-10,3951.599854,-0.002956
2019-03-11,3905.227295,-0.011735
2019-03-12,3909.15625,0.001006
2019-03-13,3906.717285,-0.000624
2019-03-14,3924.369141,0.004518
2019-03-15,3960.911133,0.009312
2019-03-16,4048.72583,0.02217
2019-03-17,4025.229004,-0.005804
2019-03-18,4032.507324,0.001808
2019-03-19,4071.190186,0.009593
2019-03-20,4087.476318,0.004
2019-03-21,4029.326904,-0.014226
2019-03-22,4023.968262,-0.00133
2019-03-23,4035.826416,0.002947
2019-03-24,4022.168213,-0.003384
2019-03-25,3963.070557,-0.014693
2019-03-26,3985.080811,0.005554
2019-03-27,4087.066162,0.025592
2019-03-28,4069.107178,-0.004394
2019-03-29,4098.374512,0.007193
2019-03-30,4106.660156,0.002022
2019-03-31,4105.404297,-0.000306
2019-04-01,4158.183105,0.012856
2019-04-02,4879.87793,0.17356
2019-04-03,4973.021973,0.019087
2019-04-04,4922.798828,-0.010099
2019-04-05,5036.681152,0.023134
2019-04-06,5059.817383,0.004594
2019-04-07,5198.896973,0.027487
2019-04-08,5289.770996,0.017479
2019-04-09,5204.958496,-0.016033
2019-04-10,5324.551758,0.022977
2019-04-11,5064.487793,-0.048842
2019-04-12,5089.539062,0.004946
2019-04-13,5096.586426,0.001385
2019-04-14,5167.722168,0.013958
2019-04-15,5067.108398,-0.01947
2019-04-16,5235.55957,0.033244
2019-04-17,5251.937988,0.003128
2019-04-18,5298.385742,0.008844
2019-04-19,5303.8125,0.001024
2019-04-20,5337.88623,0.006424
2019-04-21,5314.53125,-0.004375
2019-04-22,5399.365234,0.015963
2019-04-23,5572.362305,0.03204
2019-04-24,5464.866699,-0.019291
2019-04-25,5210.515625,-0.046543
2019-04-26,5279.348145,0.01321
2019-04-27,5268.291016,-0.002094
2019-04-28,5285.13916,0.003198
2019-04-29,5247.352539,-0.00715
2019-04-30,5350.726562,0.0197
2019-05-01,5402.697266,0.009713
2019-05-02,5505.283691,0.018988
2019-05-03,5768.289551,0.047773
2019-05-04,5831.16748,0.010901
2019-05-05,5795.708496,-0.006081
2019-05-06,5746.807129,-0.008438
2019-05-07,5829.501465,0.01439
2019-05-08,5982.45752,0.026238
2019-05-09,6174.528809,0.032106
2019-05-10,6378.849121,0.033091
2019-05-11,7204.771484,0.129478
2019-05-12,6972.371582,-0.032256
2019-05-13,7814.915039,0.12084
2019-05-14,7994.416016,0.022969
2019-05-15,8205.167969,0.026362
2019-05-16,7884.90918,-0.039031
2019-05-17,7343.895508,-0.068614
2019-05-18,7271.208008,-0.009898
2019-05-19,8197.689453,0.127418
2019-05-20,7978.309082,-0.026761
2019-05-21,7963.327637,-0.001878
2019-05-22,7680.066406,-0.035571
2019-05-23,7881.84668,0.026273
2019-05-24,7987.371582,0.013388
2019-05-25,8052.543945,0.008159
2019-05-26,8673.21582,0.077078
2019-05-27,8805.77832,0.015284
2019-05-28,8719.961914,-0.009745
2019-05-29,8659.487305,-0.006935
2019-05-30,8319.472656,-0.039265
2019-05-31,8574.501953,0.030655
2019-06-01,8564.016602,-0.001223
2019-06-02,8742.958008,0.020895
2019-06-03,8208.995117,-0.061073
2019-06-04,7707.770996,-0.061058
2019-06-05,7824.231445,0.015109
2019-06-06,7822.023438,-0.000282
2019-06-07,8043.951172,0.028372
2019-06-08,7954.12793,-0.011167
2019-06-09,7688.077148,-0.033448
2019-06-10,8000.32959,0.040615
2019-06-11,7927.714355,-0.009077
2019-06-12,8145.857422,0.027517
2019-06-13,8230.923828,0.010443
2019-06-14,8693.833008,0.05624
2019-06-15,8838.375,0.016626
2019-06-16,8994.488281,0.017663
2019-06-17,9320.352539,0.036229
2019-06-18,9081.762695,-0.025599
2019-06-19,9273.521484,0.021115
2019-06-20,9527.160156,0.027351
2019-06-21,10144.556641,0.064804
2019-06-22,10701.691406,0.05492
2019-06-23,10855.371094,0.01436
2019-06-24,11011.102539,0.014346
2019-06-25,11790.916992,0.070821
2019-06-26,13016.231445,0.10392
2019-06-27,11182.806641,-0.140857
2019-06-28,12407.332031,0.109501
2019-06-29,11959.371094,-0.036105
2019-06-30,10817.155273,-0.095508
2019-07-01,10583.134766,-0.021634
2019-07-02,10801.677734,0.02065
2019-07-03,11961.269531,0.107353
2019-07-04,11215.4375,-0.062354
2019-07-05,10978.459961,-0.02113
2019-07-06,11208.550781,0.020958
2019-07-07,11450.84668,0.021617
2019-07-08,12285.958008,0.07293
2019-07-09,12573.8125,0.02343
2019-07-10,12156.512695,-0.033188
2019-07-11,11358.662109,-0.065632
2019-07-12,11815.986328,0.040262
2019-07-13,11392.378906,-0.03585
2019-07-14,10256.058594,-0.099744
2019-07-15,10895.089844,0.062308
2019-07-16,9477.641602,-0.1301
2019-07-17,9693.802734,0.022807
2019-07-18,10666.482422,0.10034
2019-07-19,10530.732422,-0.012727
2019-07-20,10767.139648,0.022449
2019-07-21,10599.105469,-0.015606
2019-07-22,10343.106445,-0.024153
2019-07-23,9900.767578,-0.042767
2019-07-24,9811.925781,-0.008973
2019-07-25,9911.841797,0.010183
2019-07-26,9870.303711,-0.004191
2019-07-27,9477.677734,-0.039779
2019-07-28,9552.860352,0.007933
2019-07-29,9519.145508,-0.003529
2019-07-30,9607.423828,0.009274
2019-07-31,10085.62793,0.049774
2019-08-01,10399.668945,0.031137
2019-08-02,10518.174805,0.011395
2019-08-03,10821.726562,0.02886
2019-08-04,10970.18457,0.013719
2019-08-05,11805.65332,0.076158
2019-08-06,11478.168945,-0.02774
2019-08-07,11941.96875,0.040407
2019-08-08,11966.407227,0.002046
2019-08-09,11862.936523,-0.008647
2019-08-10,11354.024414,-0.042899
2019-08-11,11523.579102,0.014933
2019-08-12,11382.616211,-0.012233
2019-08-13,10895.830078,-0.042766
2019-08-14,10051.704102,-0.077472
2019-08-15,10311.545898,0.025851
2019-08-16,10374.338867,0.00609
2019-08-17,10231.744141,-0.013745
2019-08-18,10345.810547,0.011148
2019-08-19,10916.053711,0.055118
2019-08-20,10763.232422,-0.014
2019-08-21,10138.049805,-0.058085
2019-08-22,10131.055664,-0.00069
2019-08-23,10407.964844,0.027333
2019-08-24,10159.960938,-0.023828
2019-08-25,10138.517578,-0.002111
2019-08-26,10370.820312,0.022913
2019-08-27,10185.5,-0.017869
2019-08-28,9754.422852,-0.042323
2019-08-29,9510.200195,-0.025037
2019-08-30,9598.173828,0.00925
2019-08-31,9630.664062,0.003385
2019-09-01,9757.970703,0.013219
2019-09-02,10346.760742,0.060339
2019-09-03,10623.540039,0.02675
2019-09-04,10594.493164,-0.002734
2019-09-05,10575.533203,-0.00179
2019-09-06,10353.302734,-0.021014
2019-09-07,10517.254883,0.015836
2019-09-08,10441.276367,-0.007224
2019-09-09,10334.974609,-0.010181
2019-09-10,10115.975586,-0.02119
2019-09-11,10178.37207,0.006168
2019-09-12,10410.126953,0.022769
2019-09-13,10360.546875,-0.004763
2019-09-14,10358.048828,-0.000241
2019-09-15,10347.712891,-0.000998
2019-09-16,10276.793945,-0.006854
2019-09-17,10241.272461,-0.003456
2019-09-18,10198.248047,-0.004201
2019-09-19,10266.415039,0.006684
2019-09-20,10181.641602,-0.008257
2019-09-21,10019.716797,-0.015904
2019-09-22,10070.392578,0.005058
2019-09-23,9729.324219,-0.033868
2019-09-24,8620.566406,-0.11396
2019-09-25,8486.993164,-0.015495
2019-09-26,8118.967773,-0.043363
2019-09-27,8251.845703,0.016366
2019-09-28,8245.915039,-0.000719
2019-09-29,8104.185547,-0.017188
2019-09-30,8293.868164,0.023406
2019-10-01,8343.276367,0.005957
2019-10-02,8393.041992,0.005965
2019-10-03,8259.992188,-0.015852
2019-10-04,8205.939453,-0.006544
2019-10-05,8151.500488,-0.006634
2019-10-06,7988.155762,-0.020039
2019-10-07,8245.623047,0.032231
2019-10-08,8228.783203,-0.002042
2019-10-09,8595.740234,0.044594
2019-10-10,8586.473633,-0.001078
2019-10-11,8321.756836,-0.03083
2019-10-12,8336.555664,0.001778
2019-10-13,8321.005859,-0.001865
2019-10-14,8374.686523,0.006451
2019-10-15,8205.369141,-0.020218
2019-10-16,8047.526855,-0.019236
2019-10-17,8103.911133,0.007006
2019-10-18,7973.20752,-0.016128
2019-10-19,7988.560547,0.001926
2019-10-20,8222.078125,0.029231
2019-10-21,8243.720703,0.002632
2019-10-22,8078.203125,-0.020078
2019-10-23,7514.671875,-0.069759
2019-10-24,7493.48877,-0.002819
2019-10-25,8660.700195,0.155763
2019-10-26,9244.972656,0.067462
2019-10-27,9551.714844,0.033179
2019-10-28,9256.148438,-0.030944
2019-10-29,9427.6875,0.018532
2019-10-30,9205.726562,-0.023544
2019-10-31,9199.584961,-0.000667
2019-11-01,9261.104492,0.006687
2019-11-02,9324.717773,0.006869
2019-11-03,9235.354492,-0.009583
2019-11-04,9412.612305,0.019193
2019-11-05,9342.527344,-0.007446
2019-11-06,9360.879883,0.001964
2019-11-07,9267.561523,-0.009969
2019-11-08,8804.880859,-0.049925
2019-11-09,8813.582031,0.000988
2019-11-10,9055.526367,0.027451
2019-11-11,8757.788086,-0.032879
2019-11-12,8815.662109,0.006608
2019-11-13,8808.262695,-0.000839
2019-11-14,8708.094727,-0.011372
2019-11-15,8491.992188,-0.024816
2019-11-16,8550.760742,0.00692
2019-11-17,8577.975586,0.003183
2019-11-18,8309.286133,-0.031323
2019-11-19,8206.145508,-0.012413
2019-11-20,8027.268066,-0.021798
2019-11-21,7642.75,-0.047901
2019-11-22,7296.577637,-0.045294
2019-11-23,7397.796875,0.013872
2019-11-24,7047.916992,-0.047295
2019-11-25,7146.133789,0.013936
2019-11-26,7218.371094,0.010109
2019-11-27,7531.663574,0.043402
2019-11-28,7463.105957,-0.009103
2019-11-29,7761.243652,0.039948
2019-11-30,7569.629883,-0.024689
2019-12-01,7424.29248,-0.0192
2019-12-02,7321.988281,-0.01378
2019-12-03,7320.145508,-0.000252
2019-12-04,7252.034668,-0.009305
2019-12-05,7448.307617,0.027065
2019-12-06,7546.996582,0.01325
2019-12-07,7556.237793,0.001224
2019-12-08,7564.345215,0.001073
2019-12-09,7400.899414,-0.021607
2019-12-10,7278.119629,-0.01659
2019-12-11,7217.427246,-0.008339
2019-12-12,7243.134277,0.003562
2019-12-13,7269.68457,0.003666
2019-12-14,7124.673828,-0.019947
2019-12-15,7152.301758,0.003878
2019-12-16,6932.480469,-0.030734
2019-12-17,6640.515137,-0.042116
2019-12-18,7276.802734,0.095819
2019-12-19,7202.844238,-0.010164
2019-12-20,7218.816406,0.002217
2019-12-21,7191.158691,-0.003831
2019-12-22,7511.588867,0.044559
2019-12-23,7355.628418,-0.020763
2019-12-24,7322.532227,-0.004499
2019-12-25,7275.155762,-0.00647
2019-12-26,7238.966797,-0.004974
2019-12-27,7290.088379,0.007062
2019-12-28,7317.990234,0.003827
2019-12-29,7422.652832,0.014302
2019-12-30,7292.995117,-0.017468
2019-12-31,7193.599121,-0.013629
2020-01-01,7200.174316,0.000914
2020-01-02,6985.470215,-0.029819
2020-01-03,7344.884277,0.051452
2020-01-04,7410.656738,0.008955
2020-01-05,7411.317383,8.9e-05
2020-01-06,7769.219238,0.048291
2020-01-07,8163.692383,0.050774
2020-01-08,8079.862793,-0.010269
2020-01-09,7879.071289,-0.024851
2020-01-10,8166.554199,0.036487
2020-01-11,8037.537598,-0.015798
2020-01-12,8192.494141,0.019279
2020-01-13,8144.194336,-0.005896
2020-01-14,8827.764648,0.083933
2020-01-15,8807.010742,-0.002351
2020-01-16,8723.786133,-0.00945
2020-01-17,8929.038086,0.023528
2020-01-18,8942.808594,0.001542
2020-01-19,8706.245117,-0.026453
2020-01-20,8657.642578,-0.005582
2020-01-21,8745.894531,0.010194
2020-01-22,8680.875977,-0.007434
2020-01-23,8406.515625,-0.031605
2020-01-24,8445.43457,0.00463
2020-01-25,8367.847656,-0.009187
2020-01-26,8596.830078,0.027365
2020-01-27,8909.819336,0.036408
2020-01-28,9358.589844,0.050368
2020-01-29,9316.629883,-0.004484
2020-01-30,9508.993164,0.020647
2020-01-31,9350.529297,-0.016665
2020-02-01,9392.875,0.004529
2020-02-02,9344.365234,-0.005165
2020-02-03,9293.521484,-0.005441
2020-02-04,9180.962891,-0.012112
2020-02-05,9613.423828,0.047104
2020-02-06,9729.801758,0.012106
2020-02-07,9795.943359,0.006798
2020-02-08,9865.119141,0.007062
2020-02-09,10116.673828,0.025499
2020-02-10,9856.611328,-0.025706
2020-02-11,10208.236328,0.035674
2020-02-12,10326.054688,0.011541
2020-02-13,10214.379883,-0.010815
2020-02-14,10312.116211,0.009569
2020-02-15,9889.424805,-0.04099
2020-02-16,9934.433594,0.004551
2020-02-17,9690.142578,-0.02459
2020-02-18,10141.996094,0.04663
2020-02-19,9633.386719,-0.050149
2020-02-20,9608.475586,-0.002586
2020-02-21,9686.441406,0.008114
2020-02-22,9663.181641,-0.002401
2020-02-23,9924.515625,0.027044
2020-02-24,9650.174805,-0.027643
2020-02-25,9341.705078,-0.031965
2020-02-26,8820.522461,-0.055791
2020-02-27,8784.494141,-0.004085
2020-02-28,8672.455078,-0.012754
2020-02-29,8599.508789,-0.008411
2020-03-01,8562.454102,-0.004309
2020-03-02,8869.669922,0.035879
2020-03-03,8787.786133,-0.009232
2020-03-04,8755.246094,-0.003703
2020-03-05,9078.762695,0.036951
2020-03-06,9122.545898,0.004823
2020-03-07,8909.954102,-0.023304
2020-03-08,8108.116211,-0.089993
2020-03-09,7923.644531,-0.022751
2020-03-10,7909.729492,-0.001756
2020-03-11,7911.430176,0.000215
2020-03-12,4970.788086,-0.371695
2020-03-13,5563.707031,0.119281
2020-03-14,5200.366211,-0.065306
2020-03-15,5392.314941,0.036911
2020-03-16,5014.47998,-0.070069
2020-03-17,5225.629395,0.042108
2020-03-18,5238.438477,0.002451
2020-03-19,6191.192871,0.181878
2020-03-20,6198.77832,0.001225
2020-03-21,6185.066406,-0.002212
2020-03-22,5830.254883,-0.057366
2020-03-23,6416.314941,0.10052
2020-03-24,6734.803711,0.049637
2020-03-25,6681.062988,-0.00798
2020-03-26,6716.44043,0.005295
2020-03-27,6469.79834,-0.036722
2020-03-28,6242.193848,-0.03518
2020-03-29,5922.042969,-0.051288
2020-03-30,6429.841797,0.085747
2020-03-31,6438.644531,0.001369
2020-04-01,6606.776367,0.026113
2020-04-02,6793.624512,0.028281
2020-04-03,6733.387207,-0.008867
2020-04-04,6867.527344,0.019922
2020-04-05,6791.129395,-0.011125
2020-04-06,7271.78125,0.070776
2020-04-07,7176.414551,-0.013115
2020-04-08,7334.098633,0.021973
2020-04-09,7302.089355,-0.004364
2020-04-10,6865.493164,-0.059791
2020-04-11,6859.083008,-0.000934
2020-04-12,6971.091797,0.01633
2020-04-13,6845.037598,-0.018082
2020-04-14,6842.427734,-0.000381
2020-04-15,6642.109863,-0.029276
2020-04-16,7116.804199,0.071467
2020-04-17,7096.18457,-0.002897
2020-04-18,7257.665039,0.022756
2020-04-19,7189.424805,-0.009403
2020-04-20,6881.958496,-0.042766
2020-04-21,6880.323242,-0.000238
2020-04-22,7117.20752,0.034429
2020-04-23,7429.724609,0.04391
2020-04-24,7550.900879,0.01631
2020-04-25,7569.936035,0.002521
2020-04-26,7679.867188,0.014522
2020-04-27,7795.601074,0.01507
2020-04-28,7807.058594,0.00147
2020-04-29,8801.038086,0.127318
2020-04-30,8658.553711,-0.016189
2020-05-01,8864.766602,0.023816
2020-05-02,8988.59668,0.013969
2020-05-03,8897.46875,-0.010138
2020-05-04,8912.654297,0.001707
2020-05-05,9003.070312,0.010145
2020-05-06,9268.761719,0.029511
2020-05-07,9951.518555,0.073662
2020-05-08,9842.666016,-0.010938
2020-05-09,9593.896484,-0.025275
2020-05-10,8756.430664,-0.087292
2020-05-11,8601.795898,-0.01766
2020-05-12,8804.477539,0.023563
2020-05-13,9269.987305,0.052872
2020-05-14,9733.72168,0.050025
2020-05-15,9328.197266,-0.041662
2020-05-16,9377.013672,0.005233
2020-05-17,9670.739258,0.031324
2020-05-18,9726.575195,0.005774
2020-05-19,9729.038086,0.000253
2020-05-20,9522.981445,-0.02118
2020-05-21,9081.761719,-0.046332
2020-05-22,9182.577148,0.011101
2020-05-23,9209.287109,0.002909
2020-05-24,8790.368164,-0.045489
2020-05-25,8906.93457,0.013261
2020-05-26,8835.052734,-0.00807
2020-05-27,9181.017578,0.039158
2020-05-28,9525.750977,0.037548
2020-05-29,9439.124023,-0.009094
2020-05-30,9700.414062,0.027682
2020-05-31,9461.058594,-0.024675
2020-06-01,10167.268555,0.074644
2020-06-02,9529.803711,-0.062698
2020-06-03,9656.717773,0.013318
2020-06-04,9800.636719,0.014904
2020-06-05,9665.533203,-0.013785
2020-06-06,9653.679688,-0.001226
2020-06-07,9758.852539,0.010895
2020-06-08,9771.489258,0.001295
2020-06-09,9795.700195,0.002478
2020-06-10,9870.094727,0.007595
2020-06-11,9321.78125,-0.055553
2020-06-12,9480.84375,0.017064
2020-06-13,9475.277344,-0.000587
2020-06-14,9386.788086,-0.009339
2020-06-15,9450.702148,0.006809
2020-06-16,9538.024414,0.00924
2020-06-17,9480.254883,-0.006057
2020-06-18,9411.84082,-0.007216
2020-06-19,9288.018555,-0.013156
2020-06-20,9332.34082,0.004772
2020-06-21,9303.629883,-0.003076
2020-06-22,9648.717773,0.037092
2020-06-23,9629.658203,-0.001975
2020-06-24,9313.610352,-0.03282
2020-06-25,9264.813477,-0.005239
2020-06-26,9162.917969,-0.010998
2020-06-27,9045.390625,-0.012826
2020-06-28,9143.582031,0.010855
2020-06-29,9190.854492,0.00517
2020-06-30,9137.993164,-0.005752
2020-07-01,9228.325195,0.009885
2020-07-02,9123.410156,-0.011369
2020-07-03,9087.303711,-0.003958
2020-07-04,9132.488281,0.004972
2020-07-05,9073.942383,-0.006411
2020-07-06,9375.474609,0.033231
2020-07-07,9252.277344,-0.01314
2020-07-08,9428.333008,0.019028
2020-07-09,9277.967773,-0.015948
2020-07-10,9278.807617,9.1e-05
2020-07-11,9240.34668,-0.004145
2020-07-12,9276.5,0.003913
2020-07-13,9243.614258,-0.003545
2020-07-14,9243.213867,-4.3e-05
2020-07-15,9192.836914,-0.00545
2020-07-16,9132.227539,-0.006593
2020-07-17,9151.392578,0.002099
2020-07-18,9159.040039,0.000836
2020-07-19,9185.817383,0.002924
2020-07-20,9164.231445,-0.00235
2020-07-21,9374.887695,0.022987
2020-07-22,9525.363281,0.016051
2020-07-23,9581.072266,0.005848
2020-07-24,9536.892578,-0.004611
2020-07-25,9677.113281,0.014703
2020-07-26,9905.166992,0.023566
2020-07-27,10990.873047,0.10961
2020-07-28,10912.823242,-0.007101
2020-07-29,11100.467773,0.017195
2020-07-30,11111.213867,0.000968
2020-07-31,11323.466797,0.019103
2020-08-01,11759.592773,0.038515
2020-08-02,11053.614258,-0.060034
2020-08-03,11246.348633,0.017436
2020-08-04,11205.892578,-0.003597
2020-08-05,11747.022461,0.04829
2020-08-06,11779.773438,0.002788
2020-08-07,11601.472656,-0.015136
2020-08-08,11754.045898,0.013151
2020-08-09,11675.739258,-0.006662
2020-08-10,11878.111328,0.017333
2020-08-11,11410.525391,-0.039365
2020-08-12,11584.93457,0.015285
2020-08-13,11784.137695,0.017195
2020-08-14,11768.871094,-0.001296
2020-08-15,11865.698242,0.008227
2020-08-16,11892.803711,0.002284
2020-08-17,12254.402344,0.030405
2020-08-18,11991.233398,-0.021475
2020-08-19,11758.283203,-0.019427
2020-08-20,11878.37207,0.010213
2020-08-21,11592.489258,-0.024068
2020-08-22,11681.825195,0.007706
2020-08-23,11664.847656,-0.001453
2020-08-24,11774.595703,0.009408
2020-08-25,11366.134766,-0.03469
2020-08-26,11488.363281,0.010754
2020-08-27,11323.397461,-0.014359
2020-08-28,11542.5,0.01935
2020-08-29,11506.865234,-0.003087
2020-08-30,11711.505859,0.017784
2020-08-31,11680.820312,-0.00262
2020-09-01,11970.478516,0.024798
2020-09-02,11414.03418,-0.046485
2020-09-03,10245.296875,-0.102395
2020-09-04,10511.813477,0.026014
2020-09-05,10169.567383,-0.032558
2020-09-06,10280.351562,0.010894
2020-09-07,10369.563477,0.008678
2020-09-08,10131.516602,-0.022956
2020-09-09,10242.347656,0.010939
2020-09-10,10363.138672,0.011793
2020-09-11,10400.915039,0.003645
2020-09-12,10442.170898,0.003967
2020-09-13,10323.755859,-0.01134
2020-09-14,10680.837891,0.034588
2020-09-15,10796.951172,0.010871
2020-09-16,10974.905273,0.016482
2020-09-17,10948.990234,-0.002361
2020-09-18,10944.585938,-0.000402
2020-09-19,11094.34668,0.013684
2020-09-20,10938.271484,-0.014068
2020-09-21,10462.259766,-0.043518
2020-09-22,10538.459961,0.007283
2020-09-23,10246.186523,-0.027734
2020-09-24,10760.066406,0.050153
2020-09-25,10692.716797,-0.006259
2020-09-26,10750.723633,0.005425
2020-09-27,10775.269531,0.002283
2020-09-28,10709.652344,-0.00609
2020-09-29,10844.640625,0.012604
2020-09-30,10784.491211,-0.005546
2020-10-01,10619.452148,-0.015303
2020-10-02,10575.974609,-0.004094
2020-10-03,10549.329102,-0.002519
2020-10-04,10669.583008,0.011399
2020-10-05,10793.339844,0.011599
2020-10-06,10604.40625,-0.017505
2020-10-07,10668.96875,0.006088
2020-10-08,10915.685547,0.023125
2020-10-09,11064.458008,0.013629
2020-10-10,11296.361328,0.020959
2020-10-11,11384.181641,0.007774
2020-10-12,11555.363281,0.015037
2020-10-13,11425.899414,-0.011204
2020-10-14,11429.506836,0.000316
2020-10-15,11495.349609,0.005761
2020-10-16,11322.123047,-0.015069
2020-10-17,11358.101562,0.003178
2020-10-18,11483.359375,0.011028
2020-10-19,11742.037109,0.022526
2020-10-20,11916.334961,0.014844
2020-10-21,12823.689453,0.076144
2020-10-22,12965.891602,0.011089
2020-10-23,12931.539062,-0.002649
2020-10-24,13108.0625,0.013651
2020-10-25,13031.173828,-0.005866
2020-10-26,13075.248047,0.003382
2020-10-27,13654.21875,0.04428
2020-10-28,13271.285156,-0.028045
2020-10-29,13437.882812,0.012553
2020-10-30,13546.522461,0.008085
2020-10-31,13780.995117,0.017309
2020-11-01,13737.109375,-0.003185
2020-11-02,13550.489258,-0.013585
2020-11-03,13950.300781,0.029505
2020-11-04,14133.707031,0.013147
2020-11-05,15579.848633,0.102319
2020-11-06,15565.880859,-0.000897
2020-11-07,14833.753906,-0.047034
2020-11-08,15479.567383,0.043537
2020-11-09,15332.31543,-0.009513
2020-11-10,15290.902344,-0.002701
2020-11-11,15701.339844,0.026842
2020-11-12,16276.34375,0.036621
2020-11-13,16317.808594,0.002548
2020-11-14,16068.138672,-0.0153
2020-11-15,15955.587891,-0.007005
2020-11-16,16716.111328,0.047665
2020-11-17,17645.40625,0.055593
2020-11-18,17804.005859,0.008988
2020-11-19,17817.089844,0.000735
2020-11-20,18621.314453,0.045138
2020-11-21,18642.232422,0.001123
2020-11-22,18370.001953,-0.014603
2020-11-23,18364.121094,-0.00032
2020-11-24,19107.464844,0.040478
2020-11-25,18732.121094,-0.019644
2020-11-26,17150.623047,-0.084427
2020-11-27,17108.402344,-0.002462
2020-11-28,17717.414062,0.035597
2020-11-29,18177.484375,0.025967
2020-11-30,19625.835938,0.079678
2020-12-01,18802.998047,-0.041926
2020-12-02,19201.091797,0.021172
2020-12-03,19445.398438,0.012724
2020-12-04,18699.765625,-0.038345
2020-12-05,19154.230469,0.024303
2020-12-06,19345.121094,0.009966
2020-12-07,19191.630859,-0.007934
2020-12-08,18321.144531,-0.045358
2020-12-09,18553.916016,0.012705
2020-12-10,18264.992188,-0.015572
2020-12-11,18058.904297,-0.011283
2020-12-12,18803.65625,0.04124
2020-12-13,19142.382812,0.018014
2020-12-14,19246.644531,0.005447
2020-12-15,19417.076172,0.008855
2020-12-16,21310.597656,0.097518
2020-12-17,22805.162109,0.070132
2020-12-18,23137.960938,0.014593
2020-12-19,23869.832031,0.031631
2020-12-20,23477.294922,-0.016445
2020-12-21,22803.082031,-0.028718
2020-12-22,23783.029297,0.042974
2020-12-23,23241.345703,-0.022776
2020-12-24,23735.949219,0.021281
2020-12-25,24664.791016,0.039132
2020-12-26,26437.037109,0.071853
2020-12-27,26272.294922,-0.006231
2020-12-28,27084.808594,0.030927
2020-12-29,27362.4375,0.01025
2020-12-30,28840.953125,0.054034
2020-12-31,29001.720703,0.005574
2021-01-01,29374.152344,0.012842
2021-01-02,32127.267578,0.093726
2021-01-03,32782.023438,0.02038
2021-01-04,31971.914062,-0.024712
2021-01-05,33992.429688,0.063197
2021-01-06,36824.363281,0.083311
2021-01-07,39371.042969,0.069157
2021-01-08,40797.609375,0.036234
2021-01-09,40254.546875,-0.013311
2021-01-10,38356.441406,-0.047153
2021-01-11,35566.65625,-0.072733
2021-01-12,33922.960938,-0.046215
2021-01-13,37316.359375,0.100032
2021-01-14,39187.328125,0.050138
2021-01-15,36825.367188,-0.060274
2021-01-16,36178.140625,-0.017576
2021-01-17,35791.277344,-0.010693
2021-01-18,36630.074219,0.023436
2021-01-19,36069.804688,-0.015295
2021-01-20,35547.75,-0.014473
2021-01-21,30825.699219,-0.132837
2021-01-22,33005.761719,0.070722
2021-01-23,32067.642578,-0.028423
2021-01-24,32289.378906,0.006915
2021-01-25,32366.392578,0.002385
2021-01-26,32569.849609,0.006286
2021-01-27,30432.546875,-0.065622
2021-01-28,33466.097656,0.099681
2021-01-29,34316.386719,0.025407
2021-01-30,34269.523438,-0.001366
2021-01-31,33114.359375,-0.033708
2021-02-01,33537.175781,0.012768
2021-02-02,35510.289062,0.058834
2021-02-03,37472.089844,0.055246
2021-02-04,36926.066406,-0.014571
2021-02-05,38144.308594,0.032991
2021-02-06,39266.011719,0.029407
2021-02-07,38903.441406,-0.009234
2021-02-08,46196.464844,0.187465
2021-02-09,46481.105469,0.006162
2021-02-10,44918.183594,-0.033625
2021-02-11,47909.332031,0.066591
2021-02-12,47504.851562,-0.008443
2021-02-13,47105.515625,-0.008406
2021-02-14,48717.289062,0.034216
2021-02-15,47945.058594,-0.015851
2021-02-16,49199.871094,0.026172
2021-02-17,52149.007812,0.059942
2021-02-18,51679.796875,-0.008998
2021-02-19,55888.132812,0.081431
2021-02-20,56099.519531,0.003782
2021-02-21,57539.945312,0.025676
2021-02-22,54207.320312,-0.057918
2021-02-23,48824.425781,-0.099302
2021-02-24,49705.332031,0.018042
2021-02-25,47093.851562,-0.052539
2021-02-26,46339.761719,-0.016012
2021-02-27,46188.453125,-0.003265
2021-02-28,45137.769531,-0.022748
2021-03-01,49631.242188,0.09955
2021-03-02,48378.988281,-0.025231
2021-03-03,50538.242188,0.044632
2021-03-04,48561.167969,-0.03912
2021-03-05,48927.304688,0.00754
2021-03-06,48912.382812,-0.000305
2021-03-07,51206.691406,0.046906
2021-03-08,52246.523438,0.020307
2021-03-09,54824.117188,0.049335
2021-03-10,56008.550781,0.021604
2021-03-11,57805.121094,0.032077
2021-03-12,57332.089844,-0.008183
2021-03-13,61243.085938,0.068217
2021-03-14,59302.316406,-0.03169
2021-03-15,55907.199219,-0.057251
2021-03-16,56804.902344,0.016057
2021-03-17,58870.894531,0.03637
2021-03-18,57858.921875,-0.01719
2021-03-19,58346.652344,0.00843
2021-03-20,58313.644531,-0.000566
2021-03-21,57523.421875,-0.013551
2021-03-22,54529.144531,-0.052053
2021-03-23,54738.945312,0.003847
2021-03-24,52774.265625,-0.035892
2021-03-25,51704.160156,-0.020277
2021-03-26,55137.3125,0.0664
2021-03-27,55973.511719,0.015166
2021-03-28,55950.746094,-0.000407
2021-03-29,57750.199219,0.032161
2021-03-30,58917.691406,0.020216
2021-03-31,58918.832031,1.9e-05
2021-04-01,59095.808594,0.003004
2021-04-02,59384.3125,0.004882
2021-04-03,57603.890625,-0.029981
2021-04-04,58758.554688,0.020045
2021-04-05,59057.878906,0.005094
2021-04-06,58192.359375,-0.014655
2021-04-07,56048.9375,-0.036833
2021-04-08,58323.953125,0.04059
2021-04-09,58245.003906,-0.001354
2021-04-10,59793.234375,0.026581
2021-04-11,60204.964844,0.006886
2021-04-12,59893.453125,-0.005174
2021-04-13,63503.457031,0.060274
2021-04-14,63109.695312,-0.006201
2021-04-15,63314.011719,0.003237
2021-04-16,61572.789062,-0.027501
2021-04-17,60683.820312,-0.014438
2021-04-18,56216.183594,-0.073622
2021-04-19,55724.265625,-0.00875
2021-04-20,56473.03125,0.013437
2021-04-21,53906.089844,-0.045454
2021-04-22,51762.273438,-0.039769
2021-04-23,51093.652344,-0.012917
2021-04-24,50050.867188,-0.020409
2021-04-25,49004.253906,-0.020911
2021-04-26,54021.753906,0.102389
2021-04-27,55033.117188,0.018721
2021-04-28,54824.703125,-0.003787
2021-04-29,53555.109375,-0.023157
2021-04-30,57750.175781,0.078332
2021-05-01,57828.050781,0.001348
2021-05-02,56631.078125,-0.020699
2021-05-03,57200.292969,0.010051
2021-05-04,53333.539062,-0.0676
2021-05-05,57424.007812,0.076696
2021-05-06,56396.515625,-0.017893
2021-05-07,57356.402344,0.01702
2021-05-08,58803.777344,0.025235
2021-05-09,58232.316406,-0.009718
2021-05-10,55859.796875,-0.040742
2021-05-11,56704.574219,0.015123
2021-05-12,49150.535156,-0.133217
2021-05-13,49716.191406,0.011509
2021-05-14,49880.535156,0.003306
2021-05-15,46760.1875,-0.062556
2021-05-16,46456.058594,-0.006504
2021-05-17,43537.511719,-0.062824
2021-05-18,42909.402344,-0.014427
2021-05-19,37002.441406,-0.137661
2021-05-20,40782.738281,0.102163
2021-05-21,37304.691406,-0.085282
2021-05-22,37536.632812,0.006217
2021-05-23,34770.582031,-0.073689
2021-05-24,38705.980469,0.113182
2021-05-25,38402.222656,-0.007848
2021-05-26,39294.199219,0.023227
2021-05-27,38436.96875,-0.021816
2021-05-28,35697.605469,-0.071269
2021-05-29,34616.066406,-0.030297
2021-05-30,35678.128906,0.030681
2021-05-31,37332.855469,0.046379
2021-06-01,36684.925781,-0.017355
2021-06-02,37575.179688,0.024268
2021-06-03,39208.765625,0.043475
2021-06-04,36894.40625,-0.059027
2021-06-05,35551.957031,-0.036386
2021-06-06,35862.378906,0.008731
2021-06-07,33560.707031,-0.064181
2021-06-08,33472.632812,-0.002624
2021-06-09,37345.121094,0.115691
2021-06-10,36702.597656,-0.017205
2021-06-11,37334.398438,0.017214
2021-06-12,35552.515625,-0.047728
2021-06-13,39097.859375,0.099721
2021-06-14,40218.476562,0.028662
2021-06-15,40406.269531,0.004669
2021-06-16,38347.0625,-0.050963
2021-06-17,38053.503906,-0.007655
2021-06-18,35787.246094,-0.059555
2021-06-19,35615.871094,-0.004789
2021-06-20,35698.296875,0.002314
2021-06-21,31676.693359,-0.112655
2021-06-22,32505.660156,0.02617
2021-06-23,33723.027344,0.037451
2021-06-24,34662.4375,0.027857
2021-06-25,31637.779297,-0.08726
2021-06-26,32186.277344,0.017337
2021-06-27,34649.644531,0.076535
2021-06-28,34434.335938,-0.006214
2021-06-29,35867.777344,0.041628
2021-06-30,35040.835938,-0.023055
2021-07-01,33572.117188,-0.041914
2021-07-02,33897.046875,0.009679
2021-07-03,34668.546875,0.02276
2021-07-04,35287.78125,0.017862
2021-07-05,33746.003906,-0.043692
2021-07-06,34235.195312,0.014496
2021-07-07,33855.328125,-0.011096
2021-07-08,32877.371094,-0.028886
2021-07-09,33798.011719,0.028002
2021-07-10,33520.519531,-0.00821
2021-07-11,34240.1875,0.021469
2021-07-12,33155.847656,-0.031669
2021-07-13,32702.025391,-0.013688
2021-07-14,32822.347656,0.003679
2021-07-15,31780.730469,-0.031735
2021-07-16,31421.539062,-0.011302
2021-07-17,31533.068359,0.003549
2021-07-18,31796.810547,0.008364
2021-07-19,30817.832031,-0.030789
2021-07-20,29807.347656,-0.032789
2021-07-21,32110.693359,0.077274
2021-07-22,32313.105469,0.006304
2021-07-23,33581.550781,0.039255
2021-07-24,34292.445312,0.021169
2021-07-25,35350.1875,0.030845
2021-07-26,37337.535156,0.056219
2021-07-27,39406.941406,0.055424
2021-07-28,39995.90625,0.014946
2021-07-29,40008.421875,0.000313
2021-07-30,42235.546875,0.055666
2021-07-31,41626.195312,-0.014427
2021-08-01,39974.894531,-0.03967
2021-08-02,39201.945312,-0.019336
2021-08-03,38152.980469,-0.026758
2021-08-04,39747.503906,0.041793
2021-08-05,40869.554688,0.028229
2021-08-06,42816.5,0.047638
2021-08-07,44555.800781,0.040622
2021-08-08,43798.117188,-0.017005
2021-08-09,46365.402344,0.058616
2021-08-10,45585.03125,-0.016831
2021-08-11,45593.636719,0.000189
2021-08-12,44428.289062,-0.025559
2021-08-13,47793.320312,0.075741
2021-08-14,47096.945312,-0.014571
2021-08-15,47047.003906,-0.00106
2021-08-16,46004.484375,-0.022159
2021-08-17,44695.359375,-0.028456
2021-08-18,44801.1875,0.002368
2021-08-19,46717.578125,0.042775
2021-08-20,49339.175781,0.056116
2021-08-21,48905.492188,-0.00879
2021-08-22,49321.652344,0.008509
2021-08-23,49546.148438,0.004552
2021-08-24,47706.117188,-0.037138
2021-08-25,48960.789062,0.0263
2021-08-26,46942.21875,-0.041228
2021-08-27,49058.667969,0.045086
2021-08-28,48902.402344,-0.003185
2021-08-29,48829.832031,-0.001484
2021-08-30,47054.984375,-0.036348
2021-08-31,47166.6875,0.002374
2021-09-01,48847.027344,0.035626
2021-09-02,49327.722656,0.009841
2021-09-03,50025.375,0.014143
2021-09-04,49944.625,-0.001614
2021-09-05,51753.410156,0.036216
2021-09-06,52633.535156,0.017006
2021-09-07,46811.128906,-0.110622
2021-09-08,46091.390625,-0.015375
2021-09-09,46391.421875,0.006509
2021-09-10,44883.910156,-0.032495
2021-09-11,45201.457031,0.007075
2021-09-12,46063.269531,0.019066
2021-09-13,44963.074219,-0.023884
2021-09-14,47092.492188,0.047359
2021-09-15,48176.347656,0.023015
2021-09-16,47783.359375,-0.008157
2021-09-17,47267.519531,-0.010795
2021-09-18,48278.363281,0.021386
2021-09-19,47260.21875,-0.021089
2021-09-20,42843.800781,-0.093449
2021-09-21,40693.675781,-0.050185
2021-09-22,43574.507812,0.070793
2021-09-23,44895.097656,0.030306
2021-09-24,42839.75,-0.045781
2021-09-25,42716.59375,-0.002875
2021-09-26,43208.539062,0.011516
2021-09-27,42235.730469,-0.022514
2021-09-28,41034.542969,-0.02844
2021-09-29,41564.363281,0.012912
2021-09-30,43790.894531,0.053568
2021-10-01,48116.941406,0.098789
2021-10-02,47711.488281,-0.008426
2021-10-03,48199.953125,0.010238
2021-10-04,49112.902344,0.018941
2021-10-05,51514.8125,0.048906
2021-10-06,55361.449219,0.07467
2021-10-07,53805.984375,-0.028097
2021-10-08,53967.847656,0.003008
2021-10-09,54968.222656,0.018536
2021-10-10,54771.578125,-0.003577
2021-10-11,57484.789062,0.049537
2021-10-12,56041.058594,-0.025115
2021-10-13,57401.097656,0.024269
2021-10-14,57321.523438,-0.001386
2021-10-15,61593.949219,0.074534
2021-10-16,60892.179688,-0.011393
2021-10-17,61553.617188,0.010862
2021-10-18,62026.078125,0.007676
2021-10-19,64261.992188,0.036048
2021-10-20,65992.835938,0.026934
2021-10-21,62210.171875,-0.057319
2021-10-22,60692.265625,-0.0244
2021-10-23,61393.617188,0.011556
2021-10-24,60930.835938,-0.007538
2021-10-25,63039.824219,0.034613
2021-10-26,60363.792969,-0.04245
2021-10-27,58482.386719,-0.031168
2021-10-28,60622.136719,0.036588
2021-10-29,62227.964844,0.026489
2021-10-30,61888.832031,-0.00545
2021-10-31,61318.957031,-0.009208
2021-11-01,61004.40625,-0.00513
2021-11-02,63226.402344,0.036424
2021-11-03,62970.046875,-0.004055
2021-11-04,61452.230469,-0.024104
2021-11-05,61125.675781,-0.005314
2021-11-06,61527.480469,0.006573
2021-11-07,63326.988281,0.029247
2021-11-08,67566.828125,0.066952
2021-11-09,66971.828125,-0.008806
2021-11-10,64995.230469,-0.029514
2021-11-11,64949.960938,-0.000697
2021-11-12,64155.941406,-0.012225
2021-11-13,64469.527344,0.004888
2021-11-14,65466.839844,0.01547
2021-11-15,63557.871094,-0.029159
2021-11-16,60161.246094,-0.053441
2021-11-17,60368.011719,0.003437
2021-11-18,56942.136719,-0.05675
2021-11-19,58119.578125,0.020678
2021-11-20,59697.195312,0.027144
2021-11-21,58730.476562,-0.016194
2021-11-22,56289.289062,-0.041566
2021-11-23,57569.074219,0.022736
2021-11-24,56280.425781,-0.022384
2021-11-25,57274.679688,0.017666
2021-11-26,53569.765625,-0.064687
2021-11-27,54815.078125,0.023247
2021-11-28,57248.457031,0.044393
2021-11-29,57806.566406,0.009749
2021-11-30,57005.425781,-0.013859
2021-12-01,57229.828125,0.003937
2021-12-02,56477.816406,-0.01314
2021-12-03,53598.246094,-0.050986
2021-12-04,49200.703125,-0.082046
2021-12-05,49368.847656,0.003418
2021-12-06,50582.625,0.024586
2021-12-07,50700.085938,0.002322
2021-12-08,50504.796875,-0.003852
2021-12-09,47672.121094,-0.056087
2021-12-10,47243.304688,-0.008995
2021-12-11,49362.507812,0.044857
2021-12-12,50098.335938,0.014907
2021-12-13,46737.480469,-0.067085
2021-12-14,46612.632812,-0.002671
2021-12-15,48896.722656,0.049002
2021-12-16,47665.425781,-0.025182
2021-12-17,46202.144531,-0.030699
2021-12-18,46848.777344,0.013996
2021-12-19,46707.015625,-0.003026
2021-12-20,46880.277344,0.00371
2021-12-21,48936.613281,0.043864
2021-12-22,48628.511719,-0.006296
2021-12-23,50784.539062,0.044337
2021-12-24,50822.195312,0.000741
2021-12-25,50429.859375,-0.00772
2021-12-26,50809.515625,0.007528
2021-12-27,50640.417969,-0.003328
2021-12-28,47588.855469,-0.060259
2021-12-29,46444.710938,-0.024042
2021-12-30,47178.125,0.015791
2021-12-31,46306.445312,-0.018476
2022-01-01,47686.8125,0.029809
2022-01-02,47345.21875,-0.007163
2022-01-03,46458.117188,-0.018737
2022-01-04,45897.574219,-0.012066
2022-01-05,43569.003906,-0.050734
2022-01-06,43160.929688,-0.009366
2022-01-07,41557.902344,-0.037141
2022-01-08,41733.941406,0.004236
2022-01-09,41911.601562,0.004257
2022-01-10,41821.261719,-0.002155
2022-01-11,42735.855469,0.021869
2022-01-12,43949.101562,0.028389
2022-01-13,42591.570312,-0.030889
2022-01-14,43099.699219,0.01193
2022-01-15,43177.398438,0.001803
2022-01-16,43113.878906,-0.001471
2022-01-17,42250.550781,-0.020024
2022-01-18,42375.632812,0.00296
2022-01-19,41744.328125,-0.014898
2022-01-20,40680.417969,-0.025486
2022-01-21,36457.316406,-0.103812
2022-01-22,35030.25,-0.039143
2022-01-23,36276.804688,0.035585
2022-01-24,36654.328125,0.010407
2022-01-25,36954.003906,0.008176
2022-01-26,36852.121094,-0.002757
2022-01-27,37138.234375,0.007764
2022-01-28,37784.332031,0.017397
2022-01-29,38138.179688,0.009365
2022-01-30,37917.601562,-0.005784
2022-01-31,38483.125,0.014915
2022-02-01,38743.273438,0.00676
2022-02-02,36952.984375,-0.046209
2022-02-03,37154.601562,0.005456
2022-02-04,41500.875,0.116978
2022-02-05,41441.164062,-0.001439
2022-02-06,42412.433594,0.023437
2022-02-07,43840.285156,0.033666
2022-02-08,44118.445312,0.006345
2022-02-09,44338.796875,0.004995
2022-02-10,43565.113281,-0.017449
2022-02-11,42407.9375,-0.026562
2022-02-12,42244.46875,-0.003855
2022-02-13,42197.515625,-0.001111
2022-02-14,42586.917969,0.009228
2022-02-15,44575.203125,0.046688
2022-02-16,43961.859375,-0.01376
2022-02-17,40538.011719,-0.077882
2022-02-18,40030.976562,-0.012508
2022-02-19,40122.15625,0.002278
2022-02-20,38431.378906,-0.042141
2022-02-21,37075.28125,-0.035286
2022-02-22,38286.027344,0.032656
2022-02-23,37296.570312,-0.025844
2022-02-24,38332.609375,0.027778
2022-02-25,39214.21875,0.022999
2022-02-26,39105.148438,-0.002781
2022-02-27,37709.785156,-0.035682
2022-02-28,43193.234375,0.145412
2022-03-01,44354.636719,0.026889
2022-03-02,43924.117188,-0.009706
2022-03-03,42451.789062,-0.03352
2022-03-04,39137.605469,-0.078069
2022-03-05,39400.585938,0.006719
2022-03-06,38419.984375,-0.024888
2022-03-07,38062.039062,-0.009317
2022-03-08,38737.269531,0.01774
2022-03-09,41982.925781,0.083786
2022-03-10,39437.460938,-0.060631
2022-03-11,38794.972656,-0.016291
2022-03-12,38904.011719,0.002811
2022-03-13,37849.664062,-0.027101
2022-03-14,39666.753906,0.048008
2022-03-15,39338.785156,-0.008268
2022-03-16,41143.929688,0.045887
2022-03-17,40951.378906,-0.00468
2022-03-18,41801.15625,0.020751
2022-03-19,42190.652344,0.009318
2022-03-20,41247.824219,-0.022347
2022-03-21,41077.996094,-0.004117
2022-03-22,42358.808594,0.03118
2022-03-23,42892.957031,0.01261
2022-03-24,43960.933594,0.024899
2022-03-25,44348.730469,0.008821
2022-03-26,44500.828125,0.00343
2022-03-27,46820.492188,0.052126
2022-03-28,47128.003906,0.006568
2022-03-29,47465.730469,0.007166
2022-03-30,47062.664062,-0.008492
2022-03-31,45538.675781,-0.032382
2022-04-01,46281.644531,0.016315
2022-04-02,45868.949219,-0.008917
2022-04-03,46453.566406,0.012745
2022-04-04,46622.675781,0.00364
2022-04-05,45555.992188,-0.022879
2022-04-06,43206.738281,-0.051568
2022-04-07,43503.847656,0.006876
2022-04-08,42287.664062,-0.027956
2022-04-09,42782.136719,0.011693
2022-04-10,42207.671875,-0.013428
2022-04-11,39521.902344,-0.063632
2022-04-12,40127.183594,0.015315
2022-04-13,41166.730469,0.025906
2022-04-14,39935.515625,-0.029908
2022-04-15,40553.464844,0.015474
2022-04-16,40424.484375,-0.003181
2022-04-17,39716.953125,-0.017503
2022-04-18,40826.214844,0.027929
2022-04-19,41502.75,0.016571
2022-04-20,41374.378906,-0.003093
2022-04-21,40527.363281,-0.020472
2022-04-22,39740.320312,-0.01942
2022-04-23,39486.730469,-0.006381
2022-04-24,39469.292969,-0.000442
2022-04-25,40458.308594,0.025058
2022-04-26,38117.460938,-0.057858
2022-04-27,39241.121094,0.029479
2022-04-28,39773.828125,0.013575
2022-04-29,38609.824219,-0.029266
2022-04-30,37714.875,-0.023179
2022-05-01,38469.09375,0.019998
2022-05-02,38529.328125,0.001566
2022-05-03,37750.453125,-0.020215
2022-05-04,39698.371094,0.0516
2022-05-05,36575.140625,-0.078674
2022-05-06,36040.921875,-0.014606
2022-05-07,35501.953125,-0.014954
2022-05-08,34059.265625,-0.040637
2022-05-09,30296.953125,-0.110464
2022-05-10,31022.90625,0.023961
2022-05-11,28936.355469,-0.067258
2022-05-12,29047.751953,0.00385
2022-05-13,29283.103516,0.008102
2022-05-14,30101.265625,0.02794
2022-05-15,31305.113281,0.039993
2022-05-16,29862.917969,-0.046069
2022-05-17,30425.857422,0.018851
2022-05-18,28720.271484,-0.056057
2022-05-19,30314.333984,0.055503
2022-05-20,29200.740234,-0.036735
2022-05-21,29432.226562,0.007927
2022-05-22,30323.722656,0.03029
2022-05-23,29098.910156,-0.040391
2022-05-24,29655.585938,0.01913
2022-05-25,29562.361328,-0.003144
2022-05-26,29267.224609,-0.009984
2022-05-27,28627.574219,-0.021856
2022-05-28,28814.900391,0.006544
2022-05-29,29445.957031,0.0219
2022-05-30,31726.390625,0.077445
2022-05-31,31792.310547,0.002078
2022-06-01,29799.080078,-0.062695
2022-06-02,30467.488281,0.02243
2022-06-03,29704.390625,-0.025046
2022-06-04,29832.914062,0.004327
2022-06-05,29906.662109,0.002472
2022-06-06,31370.671875,0.048953
2022-06-07,31155.478516,-0.00686
2022-06-08,30214.355469,-0.030207
2022-06-09,30111.998047,-0.003388
2022-06-10,29083.804688,-0.034146
2022-06-11,28360.810547,-0.024859
2022-06-12,26762.648438,-0.056351
2022-06-13,22487.388672,-0.159747
2022-06-14,22206.792969,-0.012478
2022-06-15,22572.839844,0.016484
2022-06-16,20381.650391,-0.097072
2022-06-17,20471.482422,0.004407
2022-06-18,19017.642578,-0.071018
2022-06-19,20553.271484,0.080748
2022-06-20,20599.537109,0.002251
2022-06-21,20710.597656,0.005391
2022-06-22,19987.029297,-0.034937
2022-06-23,21085.876953,0.054978
2022-06-24,21231.65625,0.006914
2022-06-25,21502.337891,0.012749
2022-06-26,21027.294922,-0.022093
2022-06-27,20735.478516,-0.013878
2022-06-28,20280.634766,-0.021936
2022-06-29,20104.023438,-0.008708
2022-06-30,19784.726562,-0.015882
2022-07-01,19269.367188,-0.026048
2022-07-02,19242.255859,-0.001407
2022-07-03,19297.076172,0.002849
2022-07-04,20231.261719,0.048411
2022-07-05,20190.115234,-0.002034
2022-07-06,20548.246094,0.017738
2022-07-07,21637.587891,0.053014
2022-07-08,21731.117188,0.004323
2022-07-09,21592.207031,-0.006392
2022-07-10,20860.449219,-0.03389
2022-07-11,19970.556641,-0.042659
2022-07-12,19323.914062,-0.03238
2022-07-13,20212.074219,0.045962
2022-07-14,20569.919922,0.017705
2022-07-15,20836.328125,0.012951
2022-07-16,21190.316406,0.016989
2022-07-17,20779.34375,-0.019394
2022-07-18,22485.689453,0.082117
2022-07-19,23389.433594,0.040192
2022-07-20,23231.732422,-0.006742
2022-07-21,23164.628906,-0.002888
2022-07-22,22714.978516,-0.019411
2022-07-23,22465.478516,-0.010984
2022-07-24,22609.164062,0.006396
2022-07-25,21361.701172,-0.055175
2022-07-26,21239.753906,-0.005709
2022-07-27,22930.548828,0.079605
2022-07-28,23843.886719,0.039831
2022-07-29,23804.632812,-0.001646
2022-07-30,23656.207031,-0.006235
2022-07-31,23336.896484,-0.013498
2022-08-01,23314.199219,-0.000973
2022-08-02,22978.117188,-0.014415
2022-08-03,22846.507812,-0.005728
2022-08-04,22630.957031,-0.009435
2022-08-05,23289.314453,0.029091
2022-08-06,22961.279297,-0.014085
2022-08-07,23175.890625,0.009347
2022-08-08,23809.486328,0.027339
2022-08-09,23164.318359,-0.027097
2022-08-10,23947.642578,0.033816
2022-08-11,23957.529297,0.000413
2022-08-12,24402.818359,0.018587
2022-08-13,24424.068359,0.000871
2022-08-14,24319.333984,-0.004288
2022-08-15,24136.972656,-0.007499
2022-08-16,23883.291016,-0.01051
2022-08-17,23335.998047,-0.022915
2022-08-18,23212.738281,-0.005282
2022-08-19,20877.552734,-0.100599
2022-08-20,21166.060547,0.013819
2022-08-21,21534.121094,0.017389
2022-08-22,21398.908203,-0.006279
2022-08-23,21528.087891,0.006037
2022-08-24,21395.019531,-0.006181
2022-08-25,21600.904297,0.009623
2022-08-26,20260.019531,-0.062075
2022-08-27,20041.738281,-0.010774
2022-08-28,19616.814453,-0.021202
2022-08-29,20297.994141,0.034724
2022-08-30,19796.808594,-0.024691
2022-08-31,20049.763672,0.012778
2022-09-01,20127.140625,0.003859
2022-09-02,19969.771484,-0.007819
2022-09-03,19832.087891,-0.006895
2022-09-04,19986.712891,0.007797
2022-09-05,19812.371094,-0.008723
2022-09-06,18837.667969,-0.049197
2022-09-07,19290.324219,0.024029
2022-09-08,19329.833984,0.002048
2022-09-09,21381.152344,0.106122
2022-09-10,21680.539062,0.014002
2022-09-11,21769.255859,0.004092
2022-09-12,22370.449219,0.027617
2022-09-13,20296.707031,-0.0927
2022-09-14,20241.089844,-0.00274
2022-09-15,19701.210938,-0.026672
2022-09-16,19772.583984,0.003623
2022-09-17,20127.576172,0.017954
2022-09-18,19419.505859,-0.035179
2022-09-19,19544.128906,0.006417
2022-09-20,18890.789062,-0.033429
2022-09-21,18547.400391,-0.018178
2022-09-22,19413.550781,0.046699
2022-09-23,19297.638672,-0.005971
2022-09-24,18937.011719,-0.018688
2022-09-25,18802.097656,-0.007124
2022-09-26,19222.671875,0.022368
2022-09-27,19110.546875,-0.005833
2022-09-28,19426.720703,0.016544
2022-09-29,19573.050781,0.007532
2022-09-30,19431.789062,-0.007217
2022-10-01,19312.095703,-0.00616
2022-10-02,19044.107422,-0.013877
2022-10-03,19623.580078,0.030428
2022-10-04,20336.84375,0.036347
2022-10-05,20160.716797,-0.00866
2022-10-06,19955.443359,-0.010182
2022-10-07,19546.849609,-0.020475
2022-10-08,19416.568359,-0.006665
2022-10-09,19446.425781,0.001538
2022-10-10,19141.484375,-0.015681
2022-10-11,19051.417969,-0.004705
2022-10-12,19157.445312,0.005565
2022-10-13,19382.904297,0.011769
2022-10-14,19185.65625,-0.010176
2022-10-15,19067.634766,-0.006152
2022-10-16,19268.09375,0.010513
2022-10-17,19550.757812,0.01467
2022-10-18,19334.416016,-0.011066
2022-10-19,19139.535156,-0.010079
2022-10-20,19053.740234,-0.004483
2022-10-21,19172.46875,0.006231
2022-10-22,19208.189453,0.001863
2022-10-23,19567.007812,0.01868
2022-10-24,19345.572266,-0.011317
2022-10-25,20095.857422,0.038783
2022-10-26,20770.441406,0.033568
2022-10-27,20285.835938,-0.023331
2022-10-28,20595.351562,0.015258
2022-10-29,20818.476562,0.010834
2022-10-30,20635.603516,-0.008784
2022-10-31,20495.773438,-0.006776
2022-11-01,20485.273438,-0.000512
2022-11-02,20159.503906,-0.015903
2022-11-03,20209.988281,0.002504
2022-11-04,21147.230469,0.046375
2022-11-05,21282.691406,0.006406
2022-11-06,20926.486328,-0.016737
2022-11-07,20602.816406,-0.015467
2022-11-08,18541.271484,-0.100061
2022-11-09,15880.780273,-0.14349
2022-11-10,17586.771484,0.107425
2022-11-11,17034.292969,-0.031414
2022-11-12,16799.185547,-0.013802
2022-11-13,16353.365234,-0.026538
2022-11-14,16618.199219,0.016194
2022-11-15,16884.613281,0.016031
2022-11-16,16669.439453,-0.012744
2022-11-17,16687.517578,0.001085
2022-11-18,16697.777344,0.000615
2022-11-19,16711.546875,0.000825
2022-11-20,16291.832031,-0.025115
2022-11-21,15787.28418,-0.030969
2022-11-22,16189.769531,0.025494
2022-11-23,16610.707031,0.026
2022-11-24,16604.464844,-0.000376
2022-11-25,16521.841797,-0.004976
2022-11-26,16464.28125,-0.003484
2022-11-27,16444.626953,-0.001194
2022-11-28,16217.322266,-0.013822
2022-11-29,16444.982422,0.014038
2022-11-30,17168.566406,0.044
2022-12-01,16967.132812,-0.011733
2022-12-02,17088.660156,0.007163
2022-12-03,16908.236328,-0.010558
2022-12-04,17130.486328,0.013144
2022-12-05,16974.826172,-0.009087
2022-12-06,17089.503906,0.006756
2022-12-07,16848.126953,-0.014124
2022-12-08,17233.474609,0.022872
2022-12-09,17133.152344,-0.005821
2022-12-10,17128.724609,-0.000258
2022-12-11,17104.193359,-0.001432
2022-12-12,17206.4375,0.005978
2022-12-13,17781.318359,0.033411
2022-12-14,17815.650391,0.001931
2022-12-15,17364.865234,-0.025303
2022-12-16,16647.484375,-0.041312
2022-12-17,16795.091797,0.008867
2022-12-18,16757.976562,-0.00221
2022-12-19,16439.679688,-0.018994
2022-12-20,16906.304688,0.028384
2022-12-21,16817.535156,-0.005251
2022-12-22,16830.341797,0.000762
2022-12-23,16796.953125,-0.001984
2022-12-24,16847.755859,0.003025
2022-12-25,16841.986328,-0.000342
2022-12-26,16919.804688,0.00462
2022-12-27,16717.173828,-0.011976
2022-12-28,16552.572266,-0.009846
2022-12-29,16642.341797,0.005423
2022-12-30,16602.585938,-0.002389
2022-12-31,16547.496094,-0.003318
2023-01-01,16625.080078,0.004689
2023-01-02,16688.470703,0.003813
2023-01-03,16679.857422,-0.000516
2023-01-04,16863.238281,0.010994
2023-01-05,16836.736328,-0.001572
2023-01-06,16951.96875,0.006844
2023-01-07,16955.078125,0.000183
2023-01-08,17091.144531,0.008025
2023-01-09,17196.554688,0.006168
2023-01-10,17446.292969,0.014523
2023-01-11,17934.896484,0.028006
2023-01-12,18869.587891,0.052116
2023-01-13,19909.574219,0.055114
2023-01-14,20976.298828,0.053578
2023-01-15,20880.798828,-0.004553
2023-01-16,21169.632812,0.013833
2023-01-17,21161.519531,-0.000383
2023-01-18,20688.78125,-0.02234
2023-01-19,21086.792969,0.019238
2023-01-20,22676.552734,0.075391
2023-01-21,22777.625,0.004457
2023-01-22,22720.416016,-0.002512
2023-01-23,22934.431641,0.00942
2023-01-24,22636.46875,-0.012992
2023-01-25,23117.859375,0.021266
2023-01-26,23032.777344,-0.00368
2023-01-27,23078.728516,0.001995
2023-01-28,23031.089844,-0.002064
2023-01-29,23774.566406,0.032281
2023-01-30,22840.138672,-0.039304
2023-01-31,23139.283203,0.013097
2023-02-01,23723.769531,0.025259
2023-02-02,23471.871094,-0.010618
2023-02-03,23449.322266,-0.000961
2023-02-04,23331.847656,-0.00501
2023-02-05,22955.666016,-0.016123
2023-02-06,22760.109375,-0.008519
2023-02-07,23264.291016,0.022152
2023-02-08,22939.398438,-0.013965
2023-02-09,21819.039062,-0.04884
2023-02-10,21651.183594,-0.007693
2023-02-11,21870.875,0.010147
2023-02-12,21788.203125,-0.00378
2023-02-13,21808.101562,0.000913
2023-02-14,22220.804688,0.018924
2023-02-15,24307.841797,0.093923
2023-02-16,23623.474609,-0.028154
2023-02-17,24565.601562,0.039881
2023-02-18,24641.277344,0.003081
2023-02-19,24327.642578,-0.012728
2023-02-20,24829.148438,0.020615
2023-02-21,24436.353516,-0.01582
2023-02-22,24188.84375,-0.010129
2023-02-23,23947.492188,-0.009978
2023-02-24,23198.126953,-0.031292
2023-02-25,23175.375,-0.000981
2023-02-26,23561.212891,0.016649
2023-02-27,23522.871094,-0.001627
2023-02-28,23147.353516,-0.015964
2023-03-01,23646.550781,0.021566
2023-03-02,23475.466797,-0.007235
2023-03-03,22362.679688,-0.047402
2023-03-04,22353.349609,-0.000417
2023-03-05,22435.513672,0.003676
2023-03-06,22429.757812,-0.000257
2023-03-07,22219.769531,-0.009362
2023-03-08,21718.080078,-0.022579
2023-03-09,20363.021484,-0.062393
2023-03-10,20187.244141,-0.008632
2023-03-11,20632.410156,0.022052
2023-03-12,22163.949219,0.07423
2023-03-13,24197.533203,0.091752
2023-03-14,24746.074219,0.022669
2023-03-15,24375.960938,-0.014956
2023-03-16,25052.789062,0.027766
2023-03-17,27423.929688,0.094646
2023-03-18,26965.878906,-0.016703
2023-03-19,28038.675781,0.039783
2023-03-20,27767.236328,-0.009681
2023-03-21,28175.816406,0.014714
2023-03-22,27307.4375,-0.03082
2023-03-23,28333.972656,0.037592
2023-03-24,27493.285156,-0.029671
2023-03-25,27494.707031,5.2e-05
2023-03-26,27994.330078,0.018172
2023-03-27,27139.888672,-0.030522
2023-03-28,27268.130859,0.004725
2023-03-29,28348.441406,0.039618
2023-03-30,28033.5625,-0.011107
2023-03-31,28478.484375,0.015871
2023-04-01,28411.035156,-0.002368
2023-04-02,28199.308594,-0.007452
2023-04-03,27790.220703,-0.014507
2023-04-04,28168.089844,0.013597
2023-04-05,28177.984375,0.000351
2023-04-06,28044.140625,-0.00475
2023-04-07,27925.859375,-0.004218
2023-04-08,27947.794922,0.000785
2023-04-09,28333.050781,0.013785
2023-04-10,29652.980469,0.046586
2023-04-11,30235.058594,0.01963
2023-04-12,30139.052734,-0.003175
2023-04-13,30399.066406,0.008627
2023-04-14,30485.699219,0.00285
2023-04-15,30318.496094,-0.005485
2023-04-16,30315.355469,-0.000104
2023-04-17,29445.044922,-0.028709
2023-04-18,30397.552734,0.032349
2023-04-19,28822.679688,-0.051809
2023-04-20,28245.988281,-0.020008
2023-04-21,27276.910156,-0.034309
2023-04-22,27817.5,0.019819
2023-04-23,27591.384766,-0.008129
2023-04-24,27525.339844,-0.002394
2023-04-25,28307.597656,0.02842
2023-04-26,28422.701172,0.004066
2023-04-27,29473.787109,0.036981
2023-04-28,29340.261719,-0.00453
2023-04-29,29248.488281,-0.003128
2023-04-30,29268.806641,0.000695
2023-05-01,28091.568359,-0.040222
2023-05-02,28680.537109,0.020966
2023-05-03,29006.308594,0.011359
2023-05-04,28847.710938,-0.005468
2023-05-05,29534.384766,0.023803
2023-05-06,28904.623047,-0.021323
2023-05-07,28454.978516,-0.015556
2023-05-08,27694.273438,-0.026734
2023-05-09,27658.775391,-0.001282
2023-05-10,27621.755859,-0.001338
2023-05-11,27000.789062,-0.022481
2023-05-12,26804.990234,-0.007252
2023-05-13,26784.078125,-0.00078
2023-05-14,26930.638672,0.005472
2023-05-15,27192.693359,0.009731
2023-05-16,27036.650391,-0.005738
2023-05-17,27398.802734,0.013395
2023-05-18,26832.208984,-0.02068
2023-05-19,26890.128906,0.002159
2023-05-20,27129.585938,0.008905
2023-05-21,26753.826172,-0.013851
2023-05-22,26851.277344,0.003643
2023-05-23,27225.726562,0.013945
2023-05-24,26334.818359,-0.032723
2023-05-25,26476.207031,0.005369
2023-05-26,26719.291016,0.009181
2023-05-27,26868.353516,0.005579
2023-05-28,28085.646484,0.045306
2023-05-29,27745.884766,-0.012097
2023-05-30,27702.349609,-0.001569
2023-05-31,27219.658203,-0.017424
2023-06-01,26819.972656,-0.014684
2023-06-02,27249.589844,0.016019
2023-06-03,27075.128906,-0.006402
2023-06-04,27119.066406,0.001623
2023-06-05,25760.097656,-0.050111
2023-06-06,27238.783203,0.057402
2023-06-07,26345.998047,-0.032776
2023-06-08,26508.216797,0.006157
2023-06-09,26480.375,-0.00105
2023-06-10,25851.240234,-0.023759
2023-06-11,25940.167969,0.00344
2023-06-12,25902.5,-0.001452
2023-06-13,25918.728516,0.000627
2023-06-14,25124.675781,-0.030636
2023-06-15,25576.394531,0.017979
2023-06-16,26327.462891,0.029366
2023-06-17,26510.675781,0.006959
2023-06-18,26336.212891,-0.006581
2023-06-19,26851.029297,0.019548
2023-06-20,28327.488281,0.054987
2023-06-21,30027.296875,0.060006
2023-06-22,29912.28125,-0.00383
2023-06-23,30695.46875,0.026183
2023-06-24,30548.695312,-0.004782
2023-06-25,30480.261719,-0.00224
2023-06-26,30271.130859,-0.006861
2023-06-27,30688.164062,0.013777
2023-06-28,30086.246094,-0.019614
2023-06-29,30445.351562,0.011936
2023-06-30,30477.251953,0.001048
2023-07-01,30590.078125,0.003702
2023-07-02,30620.769531,0.001003
2023-07-03,31156.439453,0.017494
2023-07-04,30777.582031,-0.01216
2023-07-05,30514.166016,-0.008559
2023-07-06,29909.337891,-0.019821
2023-07-07,30342.265625,0.014475
2023-07-08,30292.541016,-0.001639
2023-07-09,30171.234375,-0.004005
2023-07-10,30414.470703,0.008062
2023-07-11,30620.951172,0.006789
2023-07-12,30391.646484,-0.007488
2023-07-13,31476.048828,0.035681
2023-07-14,30334.068359,-0.036281
2023-07-15,30295.806641,-0.001261
2023-07-16,30249.132812,-0.001541
2023-07-17,30145.888672,-0.003413
2023-07-18,29856.5625,-0.009598
2023-07-19,29913.923828,0.001921
2023-07-20,29792.015625,-0.004075
2023-07-21,29908.744141,0.003918
2023-07-22,29771.802734,-0.004579
2023-07-23,30084.539062,0.010504
2023-07-24,29176.916016,-0.030169
2023-07-25,29227.390625,0.00173
2023-07-26,29354.972656,0.004365
2023-07-27,29210.689453,-0.004915
2023-07-28,29319.246094,0.003716
2023-07-29,29356.917969,0.001285
2023-07-30,29275.308594,-0.00278
2023-07-31,29230.111328,-0.001544
2023-08-01,29675.732422,0.015245
2023-08-02,29151.958984,-0.01765
2023-08-03,29178.679688,0.000917
2023-08-04,29074.091797,-0.003584
2023-08-05,29042.126953,-0.001099
2023-08-06,29041.855469,-9e-06
2023-08-07,29180.578125,0.004777
2023-08-08,29765.492188,0.020045
2023-08-09,29561.494141,-0.006854
2023-08-10,29429.591797,-0.004462
2023-08-11,29397.714844,-0.001083
2023-08-12,29415.964844,0.000621
2023-08-13,29282.914062,-0.004523
2023-08-14,29408.443359,0.004287
2023-08-15,29170.347656,-0.008096
2023-08-16,28701.779297,-0.016063
2023-08-17,26664.550781,-0.070979
2023-08-18,26049.556641,-0.023064
2023-08-19,26096.205078,0.001791
2023-08-20,26189.583984,0.003578
2023-08-21,26124.140625,-0.002499
2023-08-22,26031.65625,-0.00354
2023-08-23,26431.640625,0.015365
2023-08-24,26162.373047,-0.010187
2023-08-25,26047.667969,-0.004384
2023-08-26,26008.462891,-0.001505
2023-08-27,26089.693359,0.003123
2023-08-28,26106.150391,0.000631
2023-08-29,27727.392578,0.062102
2023-08-30,27297.265625,-0.015513
2023-08-31,25931.472656,-0.050034
2023-09-01,25800.724609,-0.005042
2023-09-02,25868.798828,0.002638
2023-09-03,25969.566406,0.003895
2023-09-04,25812.416016,-0.006051
2023-09-05,25779.982422,-0.001257
2023-09-06,25753.236328,-0.001037
2023-09-07,26240.195312,0.018909
2023-09-08,25905.654297,-0.012749
2023-09-09,25895.677734,-0.000385
2023-09-10,25832.226562,-0.00245
2023-09-11,25162.654297,-0.02592
2023-09-12,25833.34375,0.026654
2023-09-13,26228.324219,0.01529
2023-09-14,26539.673828,0.011871
2023-09-15,26608.693359,0.002601
2023-09-16,26568.28125,-0.001519
2023-09-17,26534.1875,-0.001283
2023-09-18,26754.28125,0.008295
2023-09-19,27211.117188,0.017075
2023-09-20,27132.007812,-0.002907
2023-09-21,26567.632812,-0.020801
2023-09-22,26579.568359,0.000449
2023-09-23,26579.390625,-7e-06
2023-09-24,26256.826172,-0.012136
2023-09-25,26298.480469,0.001586
2023-09-26,26217.25,-0.003089
2023-09-27,26352.716797,0.005167
2023-09-28,27021.546875,0.02538
2023-09-29,26911.720703,-0.004064
2023-09-30,26967.916016,0.002088
2023-10-01,27983.75,0.037668
2023-10-02,27530.785156,-0.016187
2023-10-03,27429.978516,-0.003662
2023-10-04,27799.394531,0.013468
2023-10-05,27415.912109,-0.013795
2023-10-06,27946.597656,0.019357
2023-10-07,27968.839844,0.000796
2023-10-08,27935.089844,-0.001207
2023-10-09,27583.677734,-0.01258
2023-10-10,27391.019531,-0.006985
2023-10-11,26873.320312,-0.0189
2023-10-12,26756.798828,-0.004336
2023-10-13,26862.375,0.003946
2023-10-14,26861.707031,-2.5e-05
2023-10-15,27159.652344,0.011092
2023-10-16,28519.466797,0.050067
2023-10-17,28415.748047,-0.003637
2023-10-18,28328.341797,-0.003076
2023-10-19,28719.806641,0.013819
2023-10-20,29682.949219,0.033536
2023-10-21,29918.412109,0.007933
2023-10-22,29993.896484,0.002523
2023-10-23,33086.234375,0.103099
2023-10-24,33901.527344,0.024641
2023-10-25,34502.820312,0.017736
2023-10-26,34156.648438,-0.010033
2023-10-27,33909.800781,-0.007227
2023-10-28,34089.574219,0.005302
2023-10-29,34538.480469,0.013168
2023-10-30,34502.363281,-0.001046
2023-10-31,34667.78125,0.004794
2023-11-01,35437.253906,0.022196
2023-11-02,34938.242188,-0.014082
2023-11-03,34732.324219,-0.005894
2023-11-04,35082.195312,0.010073
2023-11-05,35049.355469,-0.000936
2023-11-06,35037.371094,-0.000342
2023-11-07,35443.5625,0.011593
2023-11-08,35655.277344,0.005973
2023-11-09,36693.125,0.029108
2023-11-10,37313.96875,0.01692
2023-11-11,37138.050781,-0.004715
2023-11-12,37054.519531,-0.002249
2023-11-13,36502.355469,-0.014901
2023-11-14,35537.640625,-0.026429
2023-11-15,37880.582031,0.065928
2023-11-16,36154.769531,-0.045559
2023-11-17,36596.683594,0.012223
2023-11-18,36585.703125,-0.0003
2023-11-19,37386.546875,0.02189
2023-11-20,37476.957031,0.002418
2023-11-21,35813.8125,-0.044378
2023-11-22,37432.339844,0.045193
2023-11-23,37289.621094,-0.003813
2023-11-24,37720.28125,0.011549
2023-11-25,37796.792969,0.002028
2023-11-26,37479.121094,-0.008405
2023-11-27,37254.167969,-0.006002
2023-11-28,37831.085938,0.015486
2023-11-29,37858.492188,0.000724
2023-11-30,37712.746094,-0.00385
2023-12-01,38688.75,0.02588
2023-12-02,39476.332031,0.020357
2023-12-03,39978.390625,0.012718
2023-12-04,41980.097656,0.05007
2023-12-05,44080.648438,0.050037
2023-12-06,43746.445312,-0.007582
2023-12-07,43292.664062,-0.010373
2023-12-08,44166.601562,0.020187
2023-12-09,43725.984375,-0.009976
2023-12-10,43779.699219,0.001228
2023-12-11,41243.832031,-0.057923
2023-12-12,41450.222656,0.005004
2023-12-13,42890.742188,0.034753
2023-12-14,43023.972656,0.003106
2023-12-15,41929.757812,-0.025433
2023-12-16,42240.117188,0.007402
2023-12-17,41364.664062,-0.020726
2023-12-18,42623.539062,0.030434
2023-12-19,42270.527344,-0.008282
2023-12-20,43652.25,0.032688
2023-12-21,43869.152344,0.004969
2023-12-22,43997.902344,0.002935
2023-12-23,43739.542969,-0.005872
2023-12-24,43016.117188,-0.016539
2023-12-25,43613.140625,0.013879
2023-12-26,42520.402344,-0.025055
2023-12-27,43442.855469,0.021694
2023-12-28,42627.855469,-0.01876
2023-12-29,42099.402344,-0.012397
2023-12-30,42156.902344,0.001366
2023-12-31,42265.1875,0.002569
2024-01-01,44167.332031,0.045005
2024-01-02,44957.96875,0.017901
2024-01-03,42848.175781,-0.046928
2024-01-04,44179.921875,0.031081
2024-01-05,44162.691406,-0.00039
2024-01-06,43989.195312,-0.003929
2024-01-07,43943.097656,-0.001048
2024-01-08,46970.503906,0.068894
2024-01-09,46139.730469,-0.017687
2024-01-10,46627.777344,0.010578
2024-01-11,46368.585938,-0.005559
2024-01-12,42853.167969,-0.075815
2024-01-13,42842.382812,-0.000252
2024-01-14,41796.269531,-0.024418
2024-01-15,42511.96875,0.017124
2024-01-16,43154.945312,0.015125
2024-01-17,42742.652344,-0.009554
2024-01-18,41262.058594,-0.03464
2024-01-19,41618.40625,0.008636
2024-01-20,41665.585938,0.001134
2024-01-21,41545.785156,-0.002875
2024-01-22,39507.367188,-0.049064
2024-01-23,39845.550781,0.00856
2024-01-24,40077.074219,0.005811
2024-01-25,39933.808594,-0.003575
2024-01-26,41816.871094,0.047155
2024-01-27,42120.054688,0.00725
2024-01-28,42035.59375,-0.002005
2024-01-29,43288.246094,0.0298
2024-01-30,42952.609375,-0.007754
2024-01-31,42582.605469,-0.008614
2024-02-01,43075.773438,0.011581
2024-02-02,43185.859375,0.002556
2024-02-03,42992.25,-0.004483
2024-02-04,42583.582031,-0.009506
2024-02-05,42658.667969,0.001763
2024-02-06,43084.671875,0.009986
2024-02-07,44318.222656,0.028631
2024-02-08,45301.566406,0.022188
2024-02-09,47147.199219,0.040741
2024-02-10,47771.277344,0.013237
2024-02-11,48293.917969,0.01094
2024-02-12,49958.222656,0.034462
2024-02-13,49742.441406,-0.004319
2024-02-14,51826.695312,0.041901
2024-02-15,51938.554688,0.002158
2024-02-16,52160.203125,0.004268
2024-02-17,51662.996094,-0.009532
2024-02-18,52122.546875,0.008895
2024-02-19,51779.144531,-0.006588
2024-02-20,52284.875,0.009767
2024-02-21,51839.179688,-0.008524
2024-02-22,51304.972656,-0.010305
2024-02-23,50731.949219,-0.011169
2024-02-24,51571.101562,0.016541
2024-02-25,51733.238281,0.003144
2024-02-26,54522.402344,0.053914
2024-02-27,57085.371094,0.047008
2024-02-28,62504.789062,0.094935
2024-02-29,61198.382812,-0.020901
2024-03-01,62440.632812,0.020299
2024-03-02,62029.847656,-0.006579
2024-03-03,63167.371094,0.018338
2024-03-04,68330.414062,0.081736
2024-03-05,63801.199219,-0.066284
2024-03-06,66106.804688,0.036137
2024-03-07,66925.484375,0.012384
2024-03-08,68300.09375,0.020539
2024-03-09,68498.882812,0.002911
2024-03-10,69019.789062,0.007605
2024-03-11,72123.90625,0.044974
2024-03-12,71481.289062,-0.00891
2024-03-13,73083.5,0.022414
2024-03-14,71396.59375,-0.023082
2024-03-15,69403.773438,-0.027912
2024-03-16,65315.117188,-0.058911
2024-03-17,68390.625,0.047087
2024-03-18,67548.59375,-0.012312
2024-03-19,61912.773438,-0.083434
2024-03-20,67913.671875,0.096925
2024-03-21,65491.390625,-0.035667
2024-03-22,63778.761719,-0.02615
2024-03-23,64062.203125,0.004444
2024-03-24,67234.171875,0.049514
2024-03-25,69958.8125,0.040525
2024-03-26,69987.835938,0.000415
2024-03-27,69455.34375,-0.007608
2024-03-28,70744.953125,0.018567
2024-03-29,69892.828125,-0.012045
2024-03-30,69645.304688,-0.003541
2024-03-31,71333.648438,0.024242
2024-04-01,69702.148438,-0.022871
2024-04-02,65446.972656,-0.061048
2024-04-03,65980.8125,0.008157
2024-04-04,68508.84375,0.038315
2024-04-05,67837.640625,-0.009797
2024-04-06,68896.109375,0.015603
2024-04-07,69362.554688,0.00677
2024-04-08,71631.359375,0.032709
2024-04-09,69139.015625,-0.034794
2024-04-10,70587.882812,0.020956
2024-04-11,70060.609375,-0.00747
2024-04-12,67195.867188,-0.040889
2024-04-13,63821.472656,-0.050217
2024-04-14,65738.726562,0.030041
2024-04-15,63426.210938,-0.035177
2024-04-16,63811.863281,0.00608
2024-04-17,61276.691406,-0.039729
2024-04-18,63512.753906,0.036491
2024-04-19,63843.570312,0.005209
2024-04-20,64994.441406,0.018026
2024-04-21,64926.644531,-0.001043
2024-04-22,66837.679688,0.029434
2024-04-23,66407.273438,-0.00644
2024-04-24,64276.898438,-0.03208
2024-04-25,64481.707031,0.003186
2024-04-26,63755.320312,-0.011265
2024-04-27,63419.140625,-0.005273
2024-04-28,63113.230469,-0.004824
2024-04-29,63841.121094,0.011533
2024-04-30,60636.855469,-0.050191
2024-05-01,58254.011719,-0.039297
2024-05-02,59123.433594,0.014925
2024-05-03,62889.835938,0.063704
2024-05-04,63891.472656,0.015927
2024-05-05,64031.132812,0.002186
2024-05-06,63161.949219,-0.013574
2024-05-07,62334.816406,-0.013095
2024-05-08,61187.941406,-0.018399
2024-05-09,63049.960938,0.030431
2024-05-10,60792.777344,-0.0358
2024-05-11,60793.710938,1.5e-05
2024-05-12,61448.394531,0.010769
2024-05-13,62901.449219,0.023647
2024-05-14,61552.789062,-0.021441
2024-05-15,66267.492188,0.076596
2024-05-16,65231.582031,-0.015632
2024-05-17,67051.875,0.027905
2024-05-18,66940.804688,-0.001656
2024-05-19,66278.367188,-0.009896
2024-05-20,71448.195312,0.078002
2024-05-21,70136.53125,-0.018358
2024-05-22,69122.335938,-0.01446
2024-05-23,67929.5625,-0.017256
2024-05-24,68526.101562,0.008782
2024-05-25,69265.945312,0.010797
2024-05-26,68518.09375,-0.010797
2024-05-27,69394.554688,0.012792
2024-05-28,68296.21875,-0.015827
2024-05-29,67578.09375,-0.010515
2024-05-30,68364.992188,0.011644
2024-05-31,67491.414062,-0.012778
2024-06-01,67706.9375,0.003193
2024-06-02,67751.601562,0.00066
2024-06-03,68804.78125,0.015545
2024-06-04,70567.765625,0.025623
2024-06-05,71082.820312,0.007299
2024-06-06,70757.164062,-0.004581
2024-06-07,69342.585938,-0.019992
2024-06-08,69305.773438,-0.000531
2024-06-09,69647.992188,0.004938
2024-06-10,69512.28125,-0.001949
2024-06-11,67332.03125,-0.031365
2024-06-12,68241.1875,0.013503
2024-06-13,66756.398438,-0.021758
2024-06-14,66011.09375,-0.011165
2024-06-15,66191.0,0.002725
2024-06-16,66639.046875,0.006769
2024-06-17,66490.296875,-0.002232
2024-06-18,65140.746094,-0.020297
2024-06-19,64960.296875,-0.00277
2024-06-20,64828.65625,-0.002026
2024-06-21,64096.199219,-0.011298
2024-06-22,64252.578125,0.00244
2024-06-23,63180.796875,-0.016681
2024-06-24,60277.414062,-0.045954
2024-06-25,61804.640625,0.025337
2024-06-26,60811.277344,-0.016073
2024-06-27,61604.800781,0.013049
2024-06-28,60320.136719,-0.020853
2024-06-29,60887.378906,0.009404
2024-06-30,62678.292969,0.029414
2024-07-01,62851.980469,0.002771
2024-07-02,62029.015625,-0.013094
2024-07-03,60173.921875,-0.029907
2024-07-04,56977.703125,-0.053116
2024-07-05,56662.375,-0.005534
2024-07-06,58303.539062,0.028964
2024-07-07,55849.109375,-0.042097
2024-07-08,56705.097656,0.015327
2024-07-09,58009.226562,0.022998
2024-07-10,57742.496094,-0.004598
2024-07-11,57344.914062,-0.006885
2024-07-12,57899.464844,0.00967
2024-07-13,59231.953125,0.023014
2024-07-14,60787.792969,0.026267
2024-07-15,64870.152344,0.067158
2024-07-16,65097.148438,0.003499
2024-07-17,64118.792969,-0.015029
2024-07-18,63974.066406,-0.002257
2024-07-19,66710.15625,0.042769
2024-07-20,67163.648438,0.006798
2024-07-21,68154.523438,0.014753
2024-07-22,67585.25,-0.008353
2024-07-23,65927.671875,-0.024526
2024-07-24,65372.132812,-0.008426
2024-07-25,65777.226562,0.006197
2024-07-26,67912.0625,0.032456
2024-07-27,67813.335938,-0.001454
2024-07-28,68255.867188,0.006526
2024-07-29,66819.914062,-0.021038
2024-07-30,66201.015625,-0.009262
2024-07-31,64619.25,-0.023893
2024-08-01,65357.5,0.011425
2024-08-02,61415.066406,-0.060321
2024-08-03,60680.09375,-0.011967
2024-08-04,58116.976562,-0.04224
2024-08-05,53991.457031,-0.070986
2024-08-06,56034.316406,0.037837
2024-08-07,55027.460938,-0.017969
2024-08-08,61710.136719,0.121443
2024-08-09,60880.113281,-0.01345
2024-08-10,60945.8125,0.001079
2024-08-11,58719.484375,-0.03653
2024-08-12,59354.515625,0.010815
2024-08-13,60609.566406,0.021145
2024-08-14,58737.269531,-0.030891
2024-08-15,57560.097656,-0.020041
2024-08-16,58894.105469,0.023176
2024-08-17,59478.972656,0.009931
2024-08-18,58483.964844,-0.016729
2024-08-19,59493.453125,0.017261
2024-08-20,59012.792969,-0.008079
2024-08-21,61175.191406,0.036643
2024-08-22,60381.914062,-0.012967
2024-08-23,64094.355469,0.061483
2024-08-24,64178.992188,0.001321
2024-08-25,64333.542969,0.002408
2024-08-26,62880.660156,-0.022584
2024-08-27,59504.132812,-0.053697
2024-08-28,59027.625,-0.008008
2024-08-29,59388.179688,0.006108
2024-08-30,59119.476562,-0.004525
2024-08-31,58969.898438,-0.00253
2024-09-01,57325.488281,-0.027886
2024-09-02,59112.480469,0.031173
2024-09-03,57431.023438,-0.028445
2024-09-04,57971.539062,0.009412
2024-09-05,56160.488281,-0.03124
2024-09-06,53948.753906,-0.039382
2024-09-07,54139.6875,0.003539
2024-09-08,54841.566406,0.012964
2024-09-09,57019.535156,0.039714
2024-09-10,57648.710938,0.011034
2024-09-11,57343.171875,-0.0053
2024-09-12,58127.011719,0.013669
2024-09-13,60571.300781,0.042051
2024-09-14,60005.121094,-0.009347
2024-09-15,59182.835938,-0.013704
2024-09-16,58192.507812,-0.016733
2024-09-17,60308.539062,0.036363
2024-09-18,61649.679688,0.022238
2024-09-19,62940.457031,0.020937
2024-09-20,63192.976562,0.004012
2024-09-21,63394.839844,0.003194
2024-09-22,63648.710938,0.004005
2024-09-23,63329.800781,-0.00501
2024-09-24,64301.96875,0.015351
2024-09-25,63143.144531,-0.018022
2024-09-26,65181.019531,0.032274
2024-09-27,65790.664062,0.009353
2024-09-28,65887.648438,0.001474
2024-09-29,65635.304688,-0.00383
